# E-14 one-shot source ownership map; file\tSpec ID\tevidence
ai/flow-eval/__tests__/acceptance-corpora.test.ts	AI-SKILLS	manual responsibility: AI workflow/eval/inspector support; headerless inventory row; Git history non-authoritative
ai/flow-eval/__tests__/brownfield-golden.test.ts	AI-SKILLS	manual responsibility: AI workflow/eval/inspector support; headerless inventory row; Git history non-authoritative
ai/flow-eval/__tests__/brownfield-spec-golden.test.ts	AI-SKILLS	manual responsibility: AI workflow/eval/inspector support; headerless inventory row; Git history non-authoritative
ai/flow-eval/__tests__/default-model-family.test.ts	AI-SKILLS	manual responsibility: AI workflow/eval/inspector support; headerless inventory row; Git history non-authoritative
ai/flow-eval/__tests__/evidence-events.test.ts	AI-SKILLS	manual responsibility: AI workflow/eval/inspector support; headerless inventory row; Git history non-authoritative
ai/flow-eval/__tests__/exit-code-aggregate.test.ts	AI-SKILLS	manual responsibility: AI workflow/eval/inspector support; headerless inventory row; Git history non-authoritative
ai/flow-eval/__tests__/fixture-coverage.test.ts	AI-SKILLS	manual responsibility: AI workflow/eval/inspector support; headerless inventory row; Git history non-authoritative
ai/flow-eval/__tests__/fixture-detmig.test.ts	AI-SKILLS	manual responsibility: AI workflow/eval/inspector support; headerless inventory row; Git history non-authoritative
ai/flow-eval/__tests__/gap-e1-fail-fast.test.ts	AI-SKILLS	manual responsibility: AI workflow/eval/inspector support; headerless inventory row; Git history non-authoritative
ai/flow-eval/__tests__/golang-execute-roundtrip.test.ts	AI-SKILLS	manual responsibility: AI workflow/eval/inspector support; legacy @tasks E-12; Git history non-authoritative
ai/flow-eval/__tests__/golang-slugify-golden.test.ts	AI-SKILLS	manual responsibility: AI workflow/eval/inspector support; headerless inventory row; Git history non-authoritative
ai/flow-eval/__tests__/harness.test.ts	AI-SKILLS	manual responsibility: AI workflow/eval/inspector support; headerless inventory row; Git history non-authoritative
ai/flow-eval/__tests__/infra-golden.test.ts	AI-SKILLS	manual responsibility: AI workflow/eval/inspector support; headerless inventory row; Git history non-authoritative
ai/flow-eval/__tests__/judge-verdict-diagnostic.test.ts	AI-SKILLS	manual responsibility: AI workflow/eval/inspector support; headerless inventory row; Git history non-authoritative
ai/flow-eval/__tests__/judge.test.ts	AI-SKILLS	manual responsibility: AI workflow/eval/inspector support; headerless inventory row; Git history non-authoritative
ai/flow-eval/__tests__/mig-cloud-ios.trajectory.test.ts	AI-SKILLS	manual responsibility: AI workflow/eval/inspector support; headerless inventory row; Git history non-authoritative
ai/flow-eval/__tests__/migration-grade.test.ts	AI-SKILLS	manual responsibility: AI workflow/eval/inspector support; headerless inventory row; Git history non-authoritative
ai/flow-eval/__tests__/migration-ladder.trajectory.test.ts	AI-SKILLS	manual responsibility: AI workflow/eval/inspector support; headerless inventory row; Git history non-authoritative
ai/flow-eval/__tests__/provision-gennady.test.ts	AI-SKILLS	manual responsibility: AI workflow/eval/inspector support; headerless inventory row; Git history non-authoritative
ai/flow-eval/__tests__/quality-gate.test.ts	AI-SKILLS	manual responsibility: AI workflow/eval/inspector support; headerless inventory row; Git history non-authoritative
ai/flow-eval/__tests__/results-archive.test.ts	AI-SKILLS	manual responsibility: AI workflow/eval/inspector support; headerless inventory row; Git history non-authoritative
ai/flow-eval/__tests__/routing-lock-v1-go.test.ts	AI-SKILLS	manual responsibility: AI workflow/eval/inspector support; headerless inventory row; Git history non-authoritative
ai/flow-eval/__tests__/sandbox-lifecycle.test.ts	AI-SKILLS	manual responsibility: AI workflow/eval/inspector support; headerless inventory row; Git history non-authoritative
ai/flow-eval/__tests__/sandbox.test.ts	AI-SKILLS	manual responsibility: AI workflow/eval/inspector support; headerless inventory row; Git history non-authoritative
ai/flow-eval/__tests__/scenario-schema.test.ts	AI-SKILLS	manual responsibility: AI workflow/eval/inspector support; headerless inventory row; Git history non-authoritative
ai/flow-eval/__tests__/swift-fixture-prep.test.ts	AI-SKILLS	manual responsibility: AI workflow/eval/inspector support; legacy @tasks E-10, E-18; Git history non-authoritative
ai/flow-eval/__tests__/trajectory-assert.ts	AI-SKILLS	manual responsibility: AI workflow/eval/inspector support; headerless inventory row; Git history non-authoritative
ai/flow-eval/__tests__/trajectory.test.ts	AI-SKILLS	manual responsibility: AI workflow/eval/inspector support; headerless inventory row; Git history non-authoritative
ai/flow-eval/cli.ts	AI-SKILLS	manual responsibility: AI workflow/eval/inspector support; headerless inventory row; Git history non-authoritative
ai/flow-eval/evidence.ts	AI-SKILLS	manual responsibility: AI workflow/eval/inspector support; headerless inventory row; Git history non-authoritative
ai/flow-eval/judge.ts	AI-SKILLS	manual responsibility: AI workflow/eval/inspector support; headerless inventory row; Git history non-authoritative
ai/flow-eval/migration-grade.ts	AI-SKILLS	manual responsibility: AI workflow/eval/inspector support; headerless inventory row; Git history non-authoritative
ai/flow-eval/observer.ts	AI-SKILLS	manual responsibility: AI workflow/eval/inspector support; headerless inventory row; Git history non-authoritative
ai/flow-eval/opencode-client.ts	AI-SKILLS	manual responsibility: AI workflow/eval/inspector support; headerless inventory row; Git history non-authoritative
ai/flow-eval/opencode-runtime.ts	AI-SKILLS	manual responsibility: AI workflow/eval/inspector support; headerless inventory row; Git history non-authoritative
ai/flow-eval/prompts.ts	AI-SKILLS	manual responsibility: AI workflow/eval/inspector support; headerless inventory row; Git history non-authoritative
ai/flow-eval/provision.ts	AI-SKILLS	manual responsibility: AI workflow/eval/inspector support; headerless inventory row; Git history non-authoritative
ai/flow-eval/quality-gate.ts	AI-SKILLS	manual responsibility: AI workflow/eval/inspector support; headerless inventory row; Git history non-authoritative
ai/flow-eval/results-archive.ts	AI-SKILLS	manual responsibility: AI workflow/eval/inspector support; headerless inventory row; Git history non-authoritative
ai/flow-eval/runner.ts	AI-SKILLS	manual responsibility: AI workflow/eval/inspector support; headerless inventory row; Git history non-authoritative
ai/flow-eval/sandbox-lifecycle.ts	AI-SKILLS	manual responsibility: AI workflow/eval/inspector support; headerless inventory row; Git history non-authoritative
ai/flow-eval/scripts/__tests__/check-fixture-hygiene.test.ts	AI-SKILLS	manual responsibility: AI workflow/eval/inspector support; headerless inventory row; Git history non-authoritative
ai/flow-eval/scripts/__tests__/gap-e2-budget-table.test.ts	AI-SKILLS	manual responsibility: AI workflow/eval/inspector support; headerless inventory row; Git history non-authoritative
ai/flow-eval/scripts/__tests__/results-table.test.ts	AI-SKILLS	manual responsibility: AI workflow/eval/inspector support; headerless inventory row; Git history non-authoritative
ai/flow-eval/scripts/__tests__/sdd-check-baseline-compare.test.ts	AI-SKILLS	manual responsibility: AI workflow/eval/inspector support; headerless inventory row; Git history non-authoritative
ai/flow-eval/scripts/__tests__/verify-eval-docs.test.ts	AI-SKILLS	manual responsibility: AI workflow/eval/inspector support; headerless inventory row; Git history non-authoritative
ai/flow-eval/scripts/build-history-report.ts	AI-SKILLS	manual responsibility: AI workflow/eval/inspector support; headerless inventory row; Git history non-authoritative
ai/flow-eval/scripts/generate-sdd-check-baseline.ts	AI-SKILLS	manual responsibility: AI workflow/eval/inspector support; headerless inventory row; Git history non-authoritative
ai/flow-eval/scripts/prepare-swift-roundtrip.ts	AI-SKILLS	manual responsibility: AI workflow/eval/inspector support; legacy @tasks E-18; Git history non-authoritative
ai/flow-eval/scripts/reset-ticket.py	AI-SKILLS	manual responsibility: AI workflow/eval/inspector support; headerless inventory row; Git history non-authoritative
ai/flow-eval/scripts/results-table.ts	AI-SKILLS	manual responsibility: AI workflow/eval/inspector support; headerless inventory row; Git history non-authoritative
ai/flow-eval/scripts/run-sdd-check-json.ts	AI-SKILLS	manual responsibility: AI workflow/eval/inspector support; headerless inventory row; Git history non-authoritative
ai/flow-eval/scripts/sandbox.ts	AI-SKILLS	manual responsibility: AI workflow/eval/inspector support; headerless inventory row; Git history non-authoritative
ai/flow-eval/scripts/sdd-check-baseline-compare.ts	AI-SKILLS	manual responsibility: AI workflow/eval/inspector support; headerless inventory row; Git history non-authoritative
ai/flow-eval/scripts/sdd-check-zero-new-error.ts	AI-SKILLS	manual responsibility: AI workflow/eval/inspector support; headerless inventory row; Git history non-authoritative
ai/flow-eval/scripts/session-metrics.py	AI-SKILLS	manual responsibility: AI workflow/eval/inspector support; headerless inventory row; Git history non-authoritative
ai/flow-eval/scripts/session-telemetry.py	AI-SKILLS	manual responsibility: AI workflow/eval/inspector support; headerless inventory row; Git history non-authoritative
ai/flow-eval/scripts/upgrade-verification-tables.py	AI-SKILLS	manual responsibility: AI workflow/eval/inspector support; headerless inventory row; Git history non-authoritative
ai/flow-eval/scripts/verify-eval-docs.ts	AI-SKILLS	manual responsibility: AI workflow/eval/inspector support; headerless inventory row; Git history non-authoritative
ai/flow-eval/session-directory.ts	AI-SKILLS	manual responsibility: AI workflow/eval/inspector support; headerless inventory row; Git history non-authoritative
ai/flow-eval/swift-fixture-prep.ts	AI-SKILLS	manual responsibility: AI workflow/eval/inspector support; legacy @tasks E-10, E-18; Git history non-authoritative
ai/flow-eval/trajectory.ts	AI-SKILLS	manual responsibility: AI workflow/eval/inspector support; headerless inventory row; Git history non-authoritative
ai/flow-eval/types.ts	AI-SKILLS	manual responsibility: AI workflow/eval/inspector support; headerless inventory row; Git history non-authoritative
ai/inspector/__tests__/directive-tree-fixture.ts	AI-SKILLS	manual responsibility: AI workflow/eval/inspector support; headerless inventory row; Git history non-authoritative
ai/inspector/core/__tests__/parse-directive-lazy.test.ts	AI-SKILLS	manual responsibility: AI workflow/eval/inspector support; headerless inventory row; Git history non-authoritative
ai/inspector/core/__tests__/parse-directive.test.ts	AI-SKILLS	manual responsibility: AI workflow/eval/inspector support; headerless inventory row; Git history non-authoritative
ai/inspector/core/__tests__/parse-skill.test.ts	AI-SKILLS	manual responsibility: AI workflow/eval/inspector support; headerless inventory row; Git history non-authoritative
ai/inspector/core/model.ts	AI-SKILLS	manual responsibility: AI workflow/eval/inspector support; headerless inventory row; Git history non-authoritative
ai/inspector/core/parse-directive.ts	AI-SKILLS	manual responsibility: AI workflow/eval/inspector support; headerless inventory row; Git history non-authoritative
ai/inspector/core/parse-skill.ts	AI-SKILLS	manual responsibility: AI workflow/eval/inspector support; headerless inventory row; Git history non-authoritative
ai/inspector/core/resolve.ts	AI-SKILLS	manual responsibility: AI workflow/eval/inspector support; headerless inventory row; Git history non-authoritative
ai/inspector/core/scan.ts	AI-SKILLS	manual responsibility: AI workflow/eval/inspector support; headerless inventory row; Git history non-authoritative
ai/inspector/e2e/inspector.spec.ts	AI-SKILLS	manual responsibility: AI workflow/eval/inspector support; headerless inventory row; Git history non-authoritative
ai/inspector/generate.ts	AI-SKILLS	manual responsibility: AI workflow/eval/inspector support; headerless inventory row; Git history non-authoritative
ai/inspector/playwright.config.ts	AI-SKILLS	manual responsibility: AI workflow/eval/inspector support; headerless inventory row; Git history non-authoritative
ai/inspector/serve.ts	AI-SKILLS	manual responsibility: AI workflow/eval/inspector support; headerless inventory row; Git history non-authoritative
ai/inspector/web/__tests__/debug.test.ts	AI-SKILLS	manual responsibility: AI workflow/eval/inspector support; headerless inventory row; Git history non-authoritative
ai/inspector/web/__tests__/markdown.test.ts	AI-SKILLS	manual responsibility: AI workflow/eval/inspector support; headerless inventory row; Git history non-authoritative
ai/inspector/web/app.js	AI-SKILLS	manual responsibility: AI workflow/eval/inspector support; headerless inventory row; Git history non-authoritative
ai/inspector/web/debug.js	AI-SKILLS	manual responsibility: AI workflow/eval/inspector support; headerless inventory row; Git history non-authoritative
ai/inspector/web/markdown.js	AI-SKILLS	manual responsibility: AI workflow/eval/inspector support; headerless inventory row; Git history non-authoritative
ai/kit/__tests__/amplifier-requirement-format.test.ts	AI-SKILLS-DIRECTIVE-ASSEMBLY	manual responsibility: directive assembly kit; headerless inventory row; Git history non-authoritative
ai/kit/__tests__/assurance-wording-not-overpromised.test.ts	AI-SKILLS-DIRECTIVE-ASSEMBLY	manual responsibility: directive assembly kit; headerless inventory row; Git history non-authoritative
ai/kit/__tests__/audit-halt-activation.test.ts	AI-SKILLS-DIRECTIVE-ASSEMBLY	manual responsibility: directive assembly kit; headerless inventory row; Git history non-authoritative
ai/kit/__tests__/audit-mechanical-check-coverage.test.ts	AI-SKILLS-DIRECTIVE-ASSEMBLY	manual responsibility: directive assembly kit; headerless inventory row; Git history non-authoritative
ai/kit/__tests__/axiom-home.test.ts	AI-SKILLS-DIRECTIVE-ASSEMBLY	manual responsibility: directive assembly kit; legacy @tasks T-B6-18; Git history non-authoritative
ai/kit/__tests__/back-sync-not-promised.test.ts	AI-SKILLS-DIRECTIVE-ASSEMBLY	manual responsibility: directive assembly kit; headerless inventory row; Git history non-authoritative
ai/kit/__tests__/build-directives.test.ts	AI-SKILLS-DIRECTIVE-ASSEMBLY	manual responsibility: directive assembly kit; legacy @tasks DA-lazy-asm; Git history non-authoritative
ai/kit/__tests__/check-directives-fresh.test.ts	AI-SKILLS-DIRECTIVE-ASSEMBLY	manual responsibility: directive assembly kit; headerless inventory row; Git history non-authoritative
ai/kit/__tests__/critic-confusion-triage.test.ts	AI-SKILLS-DIRECTIVE-ASSEMBLY	manual responsibility: directive assembly kit; legacy @tasks T-B6-23; Git history non-authoritative
ai/kit/__tests__/cwd-independence.test.ts	AI-SKILLS-DIRECTIVE-ASSEMBLY	manual responsibility: directive assembly kit; legacy @tasks T-B6-09; Git history non-authoritative
ai/kit/__tests__/delta-assembly.test.ts	AI-SKILLS-DIRECTIVE-ASSEMBLY	manual responsibility: directive assembly kit; headerless inventory row; Git history non-authoritative
ai/kit/__tests__/deps.test.ts	AI-SKILLS-DIRECTIVE-ASSEMBLY	manual responsibility: directive assembly kit; headerless inventory row; Git history non-authoritative
ai/kit/__tests__/directive-activation-announcement.test.ts	AI-SKILLS-DIRECTIVE-ASSEMBLY	manual responsibility: directive assembly kit; headerless inventory row; Git history non-authoritative
ai/kit/__tests__/directive-markup-contract.test.ts	AI-SKILLS-DIRECTIVE-ASSEMBLY	manual responsibility: directive assembly kit; legacy @tasks T-B6-15; Git history non-authoritative
ai/kit/__tests__/file-ownership-consumers.test.ts	AI-SKILLS-DIRECTIVE-ASSEMBLY	manual responsibility: directive assembly kit; headerless inventory row; Git history non-authoritative
ai/kit/__tests__/lazy-assembly.test.ts	AI-SKILLS-DIRECTIVE-ASSEMBLY	manual responsibility: directive assembly kit; legacy @tasks DA-lazy-asm; Git history non-authoritative
ai/kit/__tests__/lint-axioms.test.ts	AI-SKILLS-DIRECTIVE-ASSEMBLY	manual responsibility: directive assembly kit; headerless inventory row; Git history non-authoritative
ai/kit/__tests__/render.test.ts	AI-SKILLS-DIRECTIVE-ASSEMBLY	manual responsibility: directive assembly kit; legacy @tasks ai-kit-templating; Git history non-authoritative
ai/kit/__tests__/review-critic-bounds.test.ts	AI-SKILLS-DIRECTIVE-ASSEMBLY	manual responsibility: directive assembly kit; legacy @tasks T-B6-03, ISS-10, T-B6-05; Git history non-authoritative
ai/kit/__tests__/scale-express-authoring.test.ts	AI-SKILLS-DIRECTIVE-ASSEMBLY	manual responsibility: directive assembly kit; legacy @tasks V14-1; Git history non-authoritative
ai/kit/__tests__/skeleton-package-binding.e2e.test.ts	AI-SKILLS-DIRECTIVE-ASSEMBLY	manual responsibility: directive assembly kit; legacy @tasks DA-lazy-asm; Git history non-authoritative
ai/kit/__tests__/skeleton-package-binding.guard.test.ts	AI-SKILLS-DIRECTIVE-ASSEMBLY	manual responsibility: directive assembly kit; legacy @tasks DA-lazy-asm; Git history non-authoritative
ai/kit/__tests__/skeleton-parity.test.ts	AI-SKILLS-DIRECTIVE-ASSEMBLY	manual responsibility: directive assembly kit; headerless inventory row; Git history non-authoritative
ai/kit/__tests__/skills-home-path.test.ts	AI-SKILLS-DIRECTIVE-ASSEMBLY	manual responsibility: directive assembly kit; headerless inventory row; Git history non-authoritative
ai/kit/__tests__/stateless-sdd-flow-contract.test.ts	AI-SKILLS-DIRECTIVE-ASSEMBLY	manual responsibility: directive assembly kit; headerless inventory row; Git history non-authoritative
ai/kit/__tests__/step-budget-gate.test.ts	AI-SKILLS-DIRECTIVE-ASSEMBLY	manual responsibility: directive assembly kit; legacy @tasks DA-lazy-asm; Git history non-authoritative
ai/kit/__tests__/v1-skill-names-as-triggers.test.ts	AI-SKILLS-DIRECTIVE-ASSEMBLY	manual responsibility: directive assembly kit; headerless inventory row; Git history non-authoritative
ai/kit/audit-axiom-activation.mjs	AI-SKILLS-DIRECTIVE-ASSEMBLY	manual responsibility: directive assembly kit; headerless inventory row; Git history non-authoritative
ai/kit/audit-contract-activation.mjs	AI-SKILLS-DIRECTIVE-ASSEMBLY	manual responsibility: directive assembly kit; headerless inventory row; Git history non-authoritative
ai/kit/audit-halt-activation.mjs	AI-SKILLS-DIRECTIVE-ASSEMBLY	manual responsibility: directive assembly kit; headerless inventory row; Git history non-authoritative
ai/kit/audit-halt-fragments.mjs	AI-SKILLS-DIRECTIVE-ASSEMBLY	manual responsibility: directive assembly kit; headerless inventory row; Git history non-authoritative
ai/kit/build-directives.ts	AI-SKILLS-DIRECTIVE-ASSEMBLY	manual responsibility: directive assembly kit; headerless inventory row; Git history non-authoritative
ai/kit/check-directives-fresh.ts	AI-SKILLS-DIRECTIVE-ASSEMBLY	manual responsibility: directive assembly kit; headerless inventory row; Git history non-authoritative
ai/kit/delta-assembly.ts	AI-SKILLS-DIRECTIVE-ASSEMBLY	manual responsibility: directive assembly kit; headerless inventory row; Git history non-authoritative
ai/kit/demo/indent-check.ts	AI-SKILLS-DIRECTIVE-ASSEMBLY	manual responsibility: directive assembly kit; headerless inventory row; Git history non-authoritative
ai/kit/demo/render-demo.ts	AI-SKILLS-DIRECTIVE-ASSEMBLY	manual responsibility: directive assembly kit; headerless inventory row; Git history non-authoritative
ai/kit/directive-assembly-marker.ts	AI-SKILLS-DIRECTIVE-ASSEMBLY	manual responsibility: directive assembly kit; headerless inventory row; Git history non-authoritative
ai/kit/lazy-assembly.ts	AI-SKILLS-DIRECTIVE-ASSEMBLY	manual responsibility: directive assembly kit; legacy @tasks DA-lazy-asm; Git history non-authoritative
ai/kit/lint-axioms.ts	AI-SKILLS-DIRECTIVE-ASSEMBLY	manual responsibility: directive assembly kit; headerless inventory row; Git history non-authoritative
ai/kit/render.ts	AI-SKILLS-DIRECTIVE-ASSEMBLY	manual responsibility: directive assembly kit; headerless inventory row; Git history non-authoritative
ai/kit/step-budget-gate.ts	AI-SKILLS-DIRECTIVE-ASSEMBLY	manual responsibility: directive assembly kit; legacy @tasks DA-lazy-asm; Git history non-authoritative
cli/__tests__/directive-tool-contract/directive-tool-contract.test.ts	CLI	manual responsibility: CLI composition/shared infrastructure; headerless inventory row; Git history non-authoritative
cli/__tests__/directive-tool-contract/fixture.ts	CLI	manual responsibility: CLI composition/shared infrastructure; headerless inventory row; Git history non-authoritative
cli/__tests__/directive-tool-contract/parse-tool-calls.ts	CLI	manual responsibility: CLI composition/shared infrastructure; headerless inventory row; Git history non-authoritative
cli/__tests__/e2e/real-toolchain.e2e.test.ts	CLI-E2E	canonical CLI e2e boundary plus sibling @spec/spec inventory; headerless inventory row; Git history non-authoritative
cli/__tests__/e2e/sdd-extract.e2e.test.ts	CLI-E2E	canonical CLI e2e boundary plus sibling @spec/spec inventory; headerless inventory row; Git history non-authoritative
cli/__tests__/sdd-command-navigation.test.ts	CLI	manual responsibility: CLI composition/shared infrastructure; headerless inventory row; Git history non-authoritative
cli/__tests__/tool-behavior/bootstrap-path.test.ts	CLI	manual responsibility: CLI composition/shared infrastructure; headerless inventory row; Git history non-authoritative
cli/__tests__/tool-behavior/bootstrap-ticket-lifecycle.test.ts	CLI	manual responsibility: CLI composition/shared infrastructure; headerless inventory row; Git history non-authoritative
cli/__tests__/tool-behavior/capability-provider-fixture.ts	CLI	manual responsibility: CLI composition/shared infrastructure; headerless inventory row; Git history non-authoritative
cli/__tests__/tool-behavior/clean-repo-composition.test.ts	CLI	manual responsibility: CLI composition/shared infrastructure; headerless inventory row; Git history non-authoritative
cli/__tests__/tool-behavior/draft60-capability-boundary.regression.test.ts	CLI	manual responsibility: CLI composition/shared infrastructure; headerless inventory row; Git history non-authoritative
cli/__tests__/tool-behavior/fixture.ts	CLI	manual responsibility: CLI composition/shared infrastructure; headerless inventory row; Git history non-authoritative
cli/__tests__/tool-behavior/run-cli.ts	CLI	manual responsibility: CLI composition/shared infrastructure; headerless inventory row; Git history non-authoritative
cli/__tests__/tool-behavior/sdd-state.test.ts	CLI	manual responsibility: CLI composition/shared infrastructure; headerless inventory row; Git history non-authoritative
cli/__tests__/tool-behavior/sdd-task.test.ts	CLI	manual responsibility: CLI composition/shared infrastructure; headerless inventory row; Git history non-authoritative
cli/__tests__/tool-behavior/sdd-v2-rc-composition.test.ts	CLI	manual responsibility: CLI composition/shared infrastructure; headerless inventory row; Git history non-authoritative
cli/__tests__/tool-behavior/sdd-verify-repair-adapters.test.ts	CLI	manual responsibility: CLI composition/shared infrastructure; headerless inventory row; Git history non-authoritative
cli/__tests__/tool-behavior/sdd-verify-stack-config.test.ts	CLI	manual responsibility: CLI composition/shared infrastructure; legacy @tasks V-07; Git history non-authoritative
cli/__tests__/tool-behavior/sdd-verify.test.ts	CLI	manual responsibility: CLI composition/shared infrastructure; headerless inventory row; Git history non-authoritative
cli/__tests__/tool-behavior/testcov.test.ts	CLI	manual responsibility: CLI composition/shared infrastructure; headerless inventory row; Git history non-authoritative
cli/__tests__/tool-behavior/verify.test.ts	CLI	manual responsibility: CLI composition/shared infrastructure; headerless inventory row; Git history non-authoritative
cli/cmd/_shared/__tests__/update-check-worker.test.ts	CLI	manual responsibility: shared/VCS CLI command surface; legacy @tasks UC-tests; Git history non-authoritative
cli/cmd/_shared/__tests__/update-check.test.ts	CLI	manual responsibility: shared/VCS CLI command surface; legacy @tasks UC-tests; Git history non-authoritative
cli/cmd/_shared/create-vcs-client.ts	CLI	manual responsibility: shared/VCS CLI command surface; legacy @tasks CLI-vcs-ctx; Git history non-authoritative
cli/cmd/_shared/log-filter.ts	CLI	manual responsibility: shared/VCS CLI command surface; legacy @tasks CLI-jobs; Git history non-authoritative
cli/cmd/_shared/prompt/io/load-agent-template.io.ts	CLI	manual responsibility: shared/VCS CLI command surface; headerless inventory row; Git history non-authoritative
cli/cmd/_shared/prompt/logic/build-ai-first-knowledge-block.logic.ts	CLI	manual responsibility: shared/VCS CLI command surface; headerless inventory row; Git history non-authoritative
cli/cmd/_shared/prompt/logic/build-ai-verify-placeholders.logic.ts	CLI	manual responsibility: shared/VCS CLI command surface; headerless inventory row; Git history non-authoritative
cli/cmd/_shared/prompt/logic/verify-commands/resolve-verify-commands.logic.ts	CLI	manual responsibility: shared/VCS CLI command surface; headerless inventory row; Git history non-authoritative
cli/cmd/_shared/update-check-worker.ts	CLI	manual responsibility: shared/VCS CLI command surface; legacy @tasks UC-notify; Git history non-authoritative
cli/cmd/_shared/update-check.ts	CLI	manual responsibility: shared/VCS CLI command surface; legacy @tasks UC-notify; Git history non-authoritative
cli/cmd/agent-mon/help.ts	AGENT-MON-CLI	manual responsibility: agent-mon CLI composition; headerless inventory row; Git history non-authoritative
cli/cmd/cat/__tests__/cat-url.test.ts	CLI-CAT	canonical CLI command boundary plus sibling @spec/spec inventory; legacy @tasks CAT-mr-url; Git history non-authoritative
cli/cmd/cat/cat-url.fn.ts	CLI-CAT	canonical CLI command boundary plus sibling @spec/spec inventory; legacy @tasks CAT-mr-url; Git history non-authoritative
cli/cmd/cat/cat.cmd.ts	CLI-CAT	canonical CLI command boundary plus sibling @spec/spec inventory; legacy @tasks CAT-mr-url; Git history non-authoritative
cli/cmd/cat/help.ts	CLI-CAT	canonical CLI command boundary plus sibling @spec/spec inventory; legacy @tasks CAT-mr-url; Git history non-authoritative
cli/cmd/cat/index.ts	CLI-CAT	canonical CLI command boundary plus sibling @spec/spec inventory; legacy @tasks CAT-mr-url; Git history non-authoritative
cli/cmd/commit/commit.cmd.ts	CLI	manual responsibility: shared/VCS CLI command surface; headerless inventory row; Git history non-authoritative
cli/cmd/commit/help.ts	CLI	manual responsibility: shared/VCS CLI command surface; headerless inventory row; Git history non-authoritative
cli/cmd/commit/index.ts	CLI	manual responsibility: shared/VCS CLI command surface; headerless inventory row; Git history non-authoritative
cli/cmd/help/__tests__/command-name-disambiguation.test.ts	CLI-HELP	canonical CLI command boundary plus sibling @spec/spec inventory; headerless inventory row; Git history non-authoritative
cli/cmd/inbox-context/__tests__/inbox-context-test-isolation.test-helper.ts	AGENT-INBOX	manual responsibility: inbox command belongs to agent-inbox scope; headerless inventory row; Git history non-authoritative
cli/cmd/inbox-context/help.ts	AGENT-INBOX	manual responsibility: inbox command belongs to agent-inbox scope; headerless inventory row; Git history non-authoritative
cli/cmd/inbox-context/inbox-context-cmd-config.test.ts	AGENT-INBOX	manual responsibility: inbox command belongs to agent-inbox scope; legacy @tasks CLI-mrcreate; Git history non-authoritative
cli/cmd/inbox-context/inbox-context-cmd.test.ts	AGENT-INBOX	manual responsibility: inbox command belongs to agent-inbox scope; legacy @tasks CLI-reg-vcs; Git history non-authoritative
cli/cmd/inbox-context/inbox-context.cmd.ts	AGENT-INBOX	manual responsibility: inbox command belongs to agent-inbox scope; legacy @tasks TSK-AI-16, CLI-discuss, TSK-95, CLI-mrcreate, CLI-reg-vcs; Git history non-authoritative
cli/cmd/inbox-context/inbox-context.test.ts	AGENT-INBOX	manual responsibility: inbox command belongs to agent-inbox scope; legacy @tasks CLI-discuss; Git history non-authoritative
cli/cmd/inbox-context/index.ts	AGENT-INBOX	manual responsibility: inbox command belongs to agent-inbox scope; legacy @tasks TSK-AI-16; Git history non-authoritative
cli/cmd/inbox-eval/inbox-eval.cmd.ts	AGENT-INBOX	manual responsibility: inbox command belongs to agent-inbox scope; legacy @tasks TSK-119; Git history non-authoritative
cli/cmd/inbox-eval/index.ts	AGENT-INBOX	manual responsibility: inbox command belongs to agent-inbox scope; legacy @tasks TSK-119; Git history non-authoritative
cli/cmd/inbox-review-plan/inbox-review-plan.cmd.ts	AGENT-INBOX	manual responsibility: inbox command belongs to agent-inbox scope; legacy @tasks TSK-102, TSK-103, TSK-113, TSK-122, TSK-134; Git history non-authoritative
cli/cmd/inbox-review-plan/inbox-review-plan.test.ts	AGENT-INBOX	manual responsibility: inbox command belongs to agent-inbox scope; legacy @tasks TSK-102, TSK-103, TSK-134; Git history non-authoritative
cli/cmd/inbox-review-plan/index.ts	AGENT-INBOX	manual responsibility: inbox command belongs to agent-inbox scope; legacy @tasks TSK-102; Git history non-authoritative
cli/cmd/inbox/_core/logic/build-inbox-context.logic.ts	AGENT-INBOX	manual responsibility: inbox command belongs to agent-inbox scope; legacy @tasks CLI-mrcreate; Git history non-authoritative
cli/cmd/inbox/_core/logic/build-inbox-view.logic.ts	AGENT-INBOX	manual responsibility: inbox command belongs to agent-inbox scope; headerless inventory row; Git history non-authoritative
cli/cmd/inbox/_core/logic/build-inbox-view.test.ts	AGENT-INBOX	manual responsibility: inbox command belongs to agent-inbox scope; headerless inventory row; Git history non-authoritative
cli/cmd/inbox/_core/logic/classify-inbox.logic.ts	AGENT-INBOX	manual responsibility: inbox command belongs to agent-inbox scope; legacy @tasks CLI-reg-vcs; Git history non-authoritative
cli/cmd/inbox/_core/logic/classify-inbox.test.ts	AGENT-INBOX	manual responsibility: inbox command belongs to agent-inbox scope; headerless inventory row; Git history non-authoritative
cli/cmd/inbox/_core/logic/classify-mr-stage.logic.ts	AGENT-INBOX	manual responsibility: inbox command belongs to agent-inbox scope; headerless inventory row; Git history non-authoritative
cli/cmd/inbox/_core/logic/classify-mr-stage.test.ts	AGENT-INBOX	manual responsibility: inbox command belongs to agent-inbox scope; headerless inventory row; Git history non-authoritative
cli/cmd/inbox/_core/logic/inbox-cmd-config.test.ts	AGENT-INBOX	manual responsibility: inbox command belongs to agent-inbox scope; legacy @tasks CLI-mrcreate; Git history non-authoritative
cli/cmd/inbox/_core/logic/inbox-config.logic.ts	AGENT-INBOX	manual responsibility: inbox command belongs to agent-inbox scope; legacy @tasks VMM-gh-crud; Git history non-authoritative
cli/cmd/inbox/_core/logic/inbox-config.test.ts	AGENT-INBOX	manual responsibility: inbox command belongs to agent-inbox scope; legacy @tasks VMM-gh-crud; Git history non-authoritative
cli/cmd/inbox/_core/logic/inbox-registry.logic.ts	AGENT-INBOX	manual responsibility: inbox command belongs to agent-inbox scope; legacy @tasks CLI-reg-vcs, IC-journal; Git history non-authoritative
cli/cmd/inbox/_core/logic/inbox-registry.test.ts	AGENT-INBOX	manual responsibility: inbox command belongs to agent-inbox scope; legacy @tasks CLI-reg-vcs; Git history non-authoritative
cli/cmd/inbox/_core/logic/parse-mr-activity.logic.ts	AGENT-INBOX	manual responsibility: inbox command belongs to agent-inbox scope; headerless inventory row; Git history non-authoritative
cli/cmd/inbox/_core/logic/parse-mr-activity.test.ts	AGENT-INBOX	manual responsibility: inbox command belongs to agent-inbox scope; headerless inventory row; Git history non-authoritative
cli/cmd/inbox/_core/logic/render-inbox-view.logic.ts	AGENT-INBOX	manual responsibility: inbox command belongs to agent-inbox scope; headerless inventory row; Git history non-authoritative
cli/cmd/inbox/_core/logic/repos-map.logic.ts	AGENT-INBOX	manual responsibility: inbox command belongs to agent-inbox scope; headerless inventory row; Git history non-authoritative
cli/cmd/inbox/_core/logic/repos-map.test.ts	AGENT-INBOX	manual responsibility: inbox command belongs to agent-inbox scope; headerless inventory row; Git history non-authoritative
cli/cmd/inbox/_core/logic/reset-inbox.test.ts	AGENT-INBOX	manual responsibility: inbox command belongs to agent-inbox scope; headerless inventory row; Git history non-authoritative
cli/cmd/inbox/_core/logic/state-paths.logic.ts	AGENT-INBOX	manual responsibility: inbox command belongs to agent-inbox scope; legacy @tasks VMM-gh-crud, TSK-103, TSK-106; Git history non-authoritative
cli/cmd/inbox/config-help.ts	AGENT-INBOX	manual responsibility: inbox command belongs to agent-inbox scope; legacy @tasks CLI-mr-edit; Git history non-authoritative
cli/cmd/inbox/config-index.ts	AGENT-INBOX	manual responsibility: inbox command belongs to agent-inbox scope; legacy @tasks CLI-mr-edit; Git history non-authoritative
cli/cmd/inbox/config.cmd.ts	AGENT-INBOX	manual responsibility: inbox command belongs to agent-inbox scope; legacy @tasks CLI-mr-edit; Git history non-authoritative
cli/cmd/inbox/config.test.ts	AGENT-INBOX	manual responsibility: inbox command belongs to agent-inbox scope; legacy @tasks CLI-mr-edit; Git history non-authoritative
cli/cmd/inbox/help.ts	AGENT-INBOX	manual responsibility: inbox command belongs to agent-inbox scope; legacy @tasks VC-todos, IV-vcs-port; Git history non-authoritative
cli/cmd/inbox/inbox.cmd.ts	AGENT-INBOX	manual responsibility: inbox command belongs to agent-inbox scope; legacy @tasks CLI-discuss, CLI-mrcreate, TSK-103; Git history non-authoritative
cli/cmd/inbox/index.ts	AGENT-INBOX	manual responsibility: inbox command belongs to agent-inbox scope; headerless inventory row; Git history non-authoritative
cli/cmd/inbox/serve.cmd.ts	AGENT-INBOX	manual responsibility: inbox command belongs to agent-inbox scope; legacy @tasks TSK-115, TSK-121, TSK-122; Git history non-authoritative
cli/cmd/inbox/serve/help.ts	AGENT-INBOX	manual responsibility: inbox command belongs to agent-inbox scope; legacy @tasks TSK-115; Git history non-authoritative
cli/cmd/inbox/stats-help.ts	AGENT-INBOX	manual responsibility: inbox command belongs to agent-inbox scope; legacy @tasks TSK-perf; Git history non-authoritative
cli/cmd/inbox/stats-index.ts	AGENT-INBOX	manual responsibility: inbox command belongs to agent-inbox scope; legacy @tasks TSK-perf; Git history non-authoritative
cli/cmd/inbox/stats.cmd.ts	AGENT-INBOX	manual responsibility: inbox command belongs to agent-inbox scope; legacy @tasks TSK-perf; Git history non-authoritative
cli/cmd/lint/__tests__/anchor-thin.check.test.ts	CLI-LINT	canonical CLI command boundary plus sibling @spec/spec inventory; legacy @tasks TSK-XX; Git history non-authoritative
cli/cmd/lint/__tests__/language.check.test.ts	CLI-LINT	canonical CLI command boundary plus sibling @spec/spec inventory; legacy @tasks LIN-language; Git history non-authoritative
cli/cmd/lint/checks/__tests__/anchor-class-body.check.test.ts	CLI-LINT	canonical CLI command boundary plus sibling @spec/spec inventory; legacy @tasks TSK-XX; Git history non-authoritative
cli/cmd/lint/checks/__tests__/anchor.consecutive.test.ts	CLI-LINT	canonical CLI command boundary plus sibling @spec/spec inventory; legacy @tasks TSK-XX; Git history non-authoritative
cli/cmd/lint/checks/__tests__/fixtures/region-errors.example.ts	CLI-LINT	canonical CLI command boundary plus sibling @spec/spec inventory; headerless inventory row; Git history non-authoritative
cli/cmd/lint/checks/__tests__/invariant-count.check.test.ts	CLI-LINT	canonical CLI command boundary plus sibling @spec/spec inventory; legacy @tasks TSK-XX; Git history non-authoritative
cli/cmd/lint/checks/__tests__/inventory-sync.check.test.ts	CLI-LINT	canonical CLI command boundary plus sibling @spec/spec inventory; headerless inventory row; Git history non-authoritative
cli/cmd/lint/checks/__tests__/word-count.check.test.ts	CLI-LINT	canonical CLI command boundary plus sibling @spec/spec inventory; headerless inventory row; Git history non-authoritative
cli/cmd/lint/checks/anchor-class-body.check.ts	CLI-LINT	canonical CLI command boundary plus sibling @spec/spec inventory; legacy @tasks TSK-XX; Git history non-authoritative
cli/cmd/lint/checks/anchor-thin.check.ts	CLI-LINT	canonical CLI command boundary plus sibling @spec/spec inventory; legacy @tasks TSK-XX; Git history non-authoritative
cli/cmd/lint/checks/cast-safety.check.ts	CLI-LINT	canonical CLI command boundary plus sibling @spec/spec inventory; headerless inventory row; Git history non-authoritative
cli/cmd/lint/checks/dbc-contract.check.ts	CLI-LINT	canonical CLI command boundary plus sibling @spec/spec inventory; legacy @tasks LIN-dbc; Git history non-authoritative
cli/cmd/lint/checks/file-header.check.ts	CLI-LINT	canonical CLI command boundary plus sibling @spec/spec inventory; legacy @tasks LIN-headers; Git history non-authoritative
cli/cmd/lint/checks/invariant-count.check.ts	CLI-LINT	canonical CLI command boundary plus sibling @spec/spec inventory; legacy @tasks TSK-XX; Git history non-authoritative
cli/cmd/lint/checks/inventory-sync.check.ts	CLI-LINT	canonical CLI command boundary plus sibling @spec/spec inventory; headerless inventory row; Git history non-authoritative
cli/cmd/lint/checks/language.check.ts	CLI-LINT	canonical CLI command boundary plus sibling @spec/spec inventory; legacy @tasks LIN-language; Git history non-authoritative
cli/cmd/lint/checks/region-comment.check.ts	CLI-LINT	canonical CLI command boundary plus sibling @spec/spec inventory; legacy @tasks TSK-XX; Git history non-authoritative
cli/cmd/lint/checks/utils/glob-match.ts	CLI-LINT	canonical CLI command boundary plus sibling @spec/spec inventory; headerless inventory row; Git history non-authoritative
cli/cmd/lint/checks/utils/strip-strings-comments.ts	CLI-LINT	canonical CLI command boundary plus sibling @spec/spec inventory; headerless inventory row; Git history non-authoritative
cli/cmd/lint/checks/word-count.check.ts	CLI-LINT	canonical CLI command boundary plus sibling @spec/spec inventory; legacy @tasks TSK-XX; Git history non-authoritative
cli/cmd/lint/help.ts	CLI-LINT	canonical CLI command boundary plus sibling @spec/spec inventory; legacy @tasks LIN-types, LIN-headers, LIN-anchors, LIN-dbc, LIN-command; Git history non-authoritative
cli/cmd/lint/lint-source-policy.ts	CLI-LINT	canonical CLI command boundary plus sibling @spec/spec inventory; headerless inventory row; Git history non-authoritative
cli/cmd/lint/utils/resolve-references.fn.ts	CLI-LINT	canonical CLI command boundary plus sibling @spec/spec inventory; headerless inventory row; Git history non-authoritative
cli/cmd/orient/__tests__/file-relations.test.ts	CLI-ORIENT	canonical CLI command boundary plus sibling @spec/spec inventory; headerless inventory row; Git history non-authoritative
cli/cmd/orient/core/resolve-file-relations.ts	CLI-ORIENT	canonical CLI command boundary plus sibling @spec/spec inventory; headerless inventory row; Git history non-authoritative
cli/cmd/orient/help.ts	CLI-ORIENT	canonical CLI command boundary plus sibling @spec/spec inventory; legacy @tasks ORI-command; Git history non-authoritative
cli/cmd/orient/render/render-file-relations.ts	CLI-ORIENT	canonical CLI command boundary plus sibling @spec/spec inventory; headerless inventory row; Git history non-authoritative
cli/cmd/remote-console/__tests__/remote-console.cmd.test.ts	CLI	manual responsibility: shared/VCS CLI command surface; legacy @tasks INP-rel-cmd; Git history non-authoritative
cli/cmd/remote-console/help.ts	CLI	manual responsibility: shared/VCS CLI command surface; headerless inventory row; Git history non-authoritative
cli/cmd/remote-console/index.ts	CLI	manual responsibility: shared/VCS CLI command surface; headerless inventory row; Git history non-authoritative
cli/cmd/remote-console/remote-console.cmd.ts	CLI	manual responsibility: shared/VCS CLI command surface; headerless inventory row; Git history non-authoritative
cli/cmd/resolve-conflicts/_core/io/resolve-conflicts-template-load.io.ts	CLI	manual responsibility: shared/VCS CLI command surface; headerless inventory row; Git history non-authoritative
cli/cmd/resolve-conflicts/_core/logic/resolve-conflicts-command-args-parse.logic.ts	CLI	manual responsibility: shared/VCS CLI command surface; headerless inventory row; Git history non-authoritative
cli/cmd/resolve-conflicts/_core/logic/resolve-conflicts-command-run.logic.ts	CLI	manual responsibility: shared/VCS CLI command surface; headerless inventory row; Git history non-authoritative
cli/cmd/resolve-conflicts/_core/logic/resolve-conflicts-context-git-build.logic.ts	CLI	manual responsibility: shared/VCS CLI command surface; headerless inventory row; Git history non-authoritative
cli/cmd/resolve-conflicts/_core/types/resolve-conflicts-artifact.type.ts	CLI	manual responsibility: shared/VCS CLI command surface; headerless inventory row; Git history non-authoritative
cli/cmd/resolve-conflicts/_core/types/resolve-conflicts-command-args.type.ts	CLI	manual responsibility: shared/VCS CLI command surface; headerless inventory row; Git history non-authoritative
cli/cmd/resolve-conflicts/_core/types/resolve-conflicts-command-result.type.ts	CLI	manual responsibility: shared/VCS CLI command surface; headerless inventory row; Git history non-authoritative
cli/cmd/resolve-conflicts/_core/types/resolve-conflicts-context-git.type.ts	CLI	manual responsibility: shared/VCS CLI command surface; headerless inventory row; Git history non-authoritative
cli/cmd/resolve-conflicts/_core/xml/resolve-conflicts-artifact-build.xml.ts	CLI	manual responsibility: shared/VCS CLI command surface; headerless inventory row; Git history non-authoritative
cli/cmd/resolve-conflicts/_core/xml/resolve-conflicts-render.xml.ts	CLI	manual responsibility: shared/VCS CLI command surface; headerless inventory row; Git history non-authoritative
cli/cmd/resolve-conflicts/help.ts	CLI	manual responsibility: shared/VCS CLI command surface; headerless inventory row; Git history non-authoritative
cli/cmd/resolve-conflicts/index.ts	CLI	manual responsibility: shared/VCS CLI command surface; headerless inventory row; Git history non-authoritative
cli/cmd/resolve-conflicts/resolve-conflicts.cmd.ts	CLI	manual responsibility: shared/VCS CLI command surface; headerless inventory row; Git history non-authoritative
cli/cmd/review-issues/help.ts	CLI	manual responsibility: shared/VCS CLI command surface; headerless inventory row; Git history non-authoritative
cli/cmd/review-issues/index.ts	CLI	manual responsibility: shared/VCS CLI command surface; headerless inventory row; Git history non-authoritative
cli/cmd/review-verify/help.ts	CLI	manual responsibility: shared/VCS CLI command surface; headerless inventory row; Git history non-authoritative
cli/cmd/review-verify/index.ts	CLI	manual responsibility: shared/VCS CLI command surface; headerless inventory row; Git history non-authoritative
cli/cmd/review/__tests__/review-issues.cmd.error.test.ts	CLI-REVIEW	canonical CLI command boundary plus sibling @spec/spec inventory; legacy @tasks CLI-vcs-use; Git history non-authoritative
cli/cmd/review/__tests__/review-issues.cmd.test.ts	CLI-REVIEW	canonical CLI command boundary plus sibling @spec/spec inventory; legacy @tasks CLI-vcs-use; Git history non-authoritative
cli/cmd/review/_core/io/load-review-verify-template.io.ts	CLI-REVIEW	canonical CLI command boundary plus sibling @spec/spec inventory; headerless inventory row; Git history non-authoritative
cli/cmd/review/_core/logic/build-ai-first-knowledge-block.logic.ts	CLI-REVIEW	canonical CLI command boundary plus sibling @spec/spec inventory; headerless inventory row; Git history non-authoritative
cli/cmd/review/_core/logic/build-ai-verify-placeholders.logic.ts	CLI-REVIEW	canonical CLI command boundary plus sibling @spec/spec inventory; headerless inventory row; Git history non-authoritative
cli/cmd/review/_core/logic/build-review-context-git.logic.ts	CLI-REVIEW	canonical CLI command boundary plus sibling @spec/spec inventory; headerless inventory row; Git history non-authoritative
cli/cmd/review/_core/logic/build-review-context-vcs.logic.ts	CLI-REVIEW	canonical CLI command boundary plus sibling @spec/spec inventory; headerless inventory row; Git history non-authoritative
cli/cmd/review/_core/logic/load-review-context-mr.logic.ts	CLI-REVIEW	canonical CLI command boundary plus sibling @spec/spec inventory; headerless inventory row; Git history non-authoritative
cli/cmd/review/_core/logic/parse-review-command-args.logic.ts	CLI-REVIEW	canonical CLI command boundary plus sibling @spec/spec inventory; headerless inventory row; Git history non-authoritative
cli/cmd/review/_core/logic/resolve-review-intent.logic.ts	CLI-REVIEW	canonical CLI command boundary plus sibling @spec/spec inventory; headerless inventory row; Git history non-authoritative
cli/cmd/review/_core/logic/run-review-command.logic.ts	CLI-REVIEW	canonical CLI command boundary plus sibling @spec/spec inventory; legacy @tasks CLI-vcs-use; Git history non-authoritative
cli/cmd/review/_core/logic/verify-commands/resolve-verify-commands.logic.ts	CLI-REVIEW	canonical CLI command boundary plus sibling @spec/spec inventory; headerless inventory row; Git history non-authoritative
cli/cmd/review/_core/types/review-artifact.type.ts	CLI-REVIEW	canonical CLI command boundary plus sibling @spec/spec inventory; headerless inventory row; Git history non-authoritative
cli/cmd/review/_core/types/review-command-args.type.ts	CLI-REVIEW	canonical CLI command boundary plus sibling @spec/spec inventory; headerless inventory row; Git history non-authoritative
cli/cmd/review/_core/types/review-command-mode.type.ts	CLI-REVIEW	canonical CLI command boundary plus sibling @spec/spec inventory; headerless inventory row; Git history non-authoritative
cli/cmd/review/_core/types/review-command-options.type.ts	CLI-REVIEW	canonical CLI command boundary plus sibling @spec/spec inventory; legacy @tasks CLI-vcs-use; Git history non-authoritative
cli/cmd/review/_core/types/review-command-result.type.ts	CLI-REVIEW	canonical CLI command boundary plus sibling @spec/spec inventory; headerless inventory row; Git history non-authoritative
cli/cmd/review/_core/types/review-context-git.type.ts	CLI-REVIEW	canonical CLI command boundary plus sibling @spec/spec inventory; headerless inventory row; Git history non-authoritative
cli/cmd/review/_core/types/review-context-mr.type.ts	CLI-REVIEW	canonical CLI command boundary plus sibling @spec/spec inventory; headerless inventory row; Git history non-authoritative
cli/cmd/review/_core/types/review-context-vcs.type.ts	CLI-REVIEW	canonical CLI command boundary plus sibling @spec/spec inventory; headerless inventory row; Git history non-authoritative
cli/cmd/review/_core/types/review-intent.type.ts	CLI-REVIEW	canonical CLI command boundary plus sibling @spec/spec inventory; headerless inventory row; Git history non-authoritative
cli/cmd/review/_core/xml/render-review-issues.xml.ts	CLI-REVIEW	canonical CLI command boundary plus sibling @spec/spec inventory; headerless inventory row; Git history non-authoritative
cli/cmd/review/_core/xml/render-review-verify.xml.ts	CLI-REVIEW	canonical CLI command boundary plus sibling @spec/spec inventory; headerless inventory row; Git history non-authoritative
cli/cmd/review/help.ts	CLI-REVIEW	canonical CLI command boundary plus sibling @spec/spec inventory; headerless inventory row; Git history non-authoritative
cli/cmd/review/index.ts	CLI-REVIEW	canonical CLI command boundary plus sibling @spec/spec inventory; headerless inventory row; Git history non-authoritative
cli/cmd/review/review-issues.cmd.ts	CLI-REVIEW	canonical CLI command boundary plus sibling @spec/spec inventory; legacy @tasks CLI-vcs-use; Git history non-authoritative
cli/cmd/review/review-verify.cmd.ts	CLI-REVIEW	canonical CLI command boundary plus sibling @spec/spec inventory; headerless inventory row; Git history non-authoritative
cli/cmd/review/review.cmd.ts	CLI-REVIEW	canonical CLI command boundary plus sibling @spec/spec inventory; headerless inventory row; Git history non-authoritative
cli/cmd/sdd-check/__tests__/file-ownership.check.test.ts	CLI-SDD-CHECK	canonical CLI command boundary plus sibling @spec/spec inventory; headerless inventory row; Git history non-authoritative
cli/cmd/sdd-check/__tests__/group-receipt.check.test.ts	CLI-SDD-CHECK	canonical CLI command boundary plus sibling @spec/spec inventory; headerless inventory row; Git history non-authoritative
cli/cmd/sdd-check/__tests__/phase-receipt-check.test.ts	CLI-SDD-CHECK	canonical CLI command boundary plus sibling @spec/spec inventory; headerless inventory row; Git history non-authoritative
cli/cmd/sdd-check/__tests__/sdd-check.cmd.test.ts	CLI-SDD-CHECK	canonical CLI command boundary plus sibling @spec/spec inventory; headerless inventory row; Git history non-authoritative
cli/cmd/sdd-check/help.ts	CLI-SDD-CHECK	canonical CLI command boundary plus sibling @spec/spec inventory; headerless inventory row; Git history non-authoritative
cli/cmd/sdd-check/index.ts	CLI-SDD-CHECK	canonical CLI command boundary plus sibling @spec/spec inventory; headerless inventory row; Git history non-authoritative
cli/cmd/sdd-check/phase-receipt-check.ts	CLI-SDD-CHECK	canonical CLI command boundary plus sibling @spec/spec inventory; headerless inventory row; Git history non-authoritative
cli/cmd/sdd-check/sdd-check.cmd.ts	CLI-SDD-CHECK	canonical CLI command boundary plus sibling @spec/spec inventory; headerless inventory row; Git history non-authoritative
cli/cmd/sdd-check/sdd-check.types.ts	CLI-SDD-CHECK	canonical CLI command boundary plus sibling @spec/spec inventory; headerless inventory row; Git history non-authoritative
cli/cmd/sdd-extract/__tests__/sdd-extract.cmd.test.ts	CLI-SDD-EXTRACT	canonical CLI command boundary plus sibling @spec/spec inventory; headerless inventory row; Git history non-authoritative
cli/cmd/sdd-extract/help.ts	CLI-SDD-EXTRACT	canonical CLI command boundary plus sibling @spec/spec inventory; headerless inventory row; Git history non-authoritative
cli/cmd/sdd-extract/index.ts	CLI-SDD-EXTRACT	canonical CLI command boundary plus sibling @spec/spec inventory; headerless inventory row; Git history non-authoritative
cli/cmd/sdd-extract/sdd-extract.cmd.ts	CLI-SDD-EXTRACT	canonical CLI command boundary plus sibling @spec/spec inventory; headerless inventory row; Git history non-authoritative
cli/cmd/sdd-extract/sdd-extract.types.ts	CLI-SDD-EXTRACT	canonical CLI command boundary plus sibling @spec/spec inventory; headerless inventory row; Git history non-authoritative
cli/cmd/sdd-log/__tests__/group-receipt.cmd.test.ts	CLI-SDD-LOG	canonical CLI command boundary plus sibling @spec/spec inventory; headerless inventory row; Git history non-authoritative
cli/cmd/sdd-log/__tests__/sdd-log.cmd.test.ts	CLI-SDD-LOG	canonical CLI command boundary plus sibling @spec/spec inventory; headerless inventory row; Git history non-authoritative
cli/cmd/sdd-log/help.ts	CLI-SDD-LOG	canonical CLI command boundary plus sibling @spec/spec inventory; headerless inventory row; Git history non-authoritative
cli/cmd/sdd-log/index.ts	CLI-SDD-LOG	canonical CLI command boundary plus sibling @spec/spec inventory; headerless inventory row; Git history non-authoritative
cli/cmd/sdd-log/sdd-log.cmd.ts	CLI-SDD-LOG	canonical CLI command boundary plus sibling @spec/spec inventory; headerless inventory row; Git history non-authoritative
cli/cmd/sdd-log/sdd-log.types.ts	CLI-SDD-LOG	canonical CLI command boundary plus sibling @spec/spec inventory; headerless inventory row; Git history non-authoritative
cli/cmd/sdd-migrate/__tests__/sdd-migrate.cmd.test.ts	CLI-SDD-MIGRATE	canonical CLI command boundary plus sibling @spec/spec inventory; headerless inventory row; Git history non-authoritative
cli/cmd/sdd-migrate/help.ts	CLI-SDD-MIGRATE	canonical CLI command boundary plus sibling @spec/spec inventory; headerless inventory row; Git history non-authoritative
cli/cmd/sdd-migrate/index.ts	CLI-SDD-MIGRATE	canonical CLI command boundary plus sibling @spec/spec inventory; headerless inventory row; Git history non-authoritative
cli/cmd/sdd-migrate/sdd-migrate.cmd.ts	CLI-SDD-MIGRATE	canonical CLI command boundary plus sibling @spec/spec inventory; headerless inventory row; Git history non-authoritative
cli/cmd/sdd-migrate/sdd-migrate.types.ts	CLI-SDD-MIGRATE	canonical CLI command boundary plus sibling @spec/spec inventory; headerless inventory row; Git history non-authoritative
cli/cmd/sdd-new/__tests__/sdd-new.cmd.test.ts	CLI-SDD-NEW	canonical CLI command boundary plus sibling @spec/spec inventory; headerless inventory row; Git history non-authoritative
cli/cmd/sdd-new/help.ts	CLI-SDD-NEW	canonical CLI command boundary plus sibling @spec/spec inventory; headerless inventory row; Git history non-authoritative
cli/cmd/sdd-new/index.ts	CLI-SDD-NEW	canonical CLI command boundary plus sibling @spec/spec inventory; headerless inventory row; Git history non-authoritative
cli/cmd/sdd-new/sdd-new.cmd.ts	CLI-SDD-NEW	canonical CLI command boundary plus sibling @spec/spec inventory; headerless inventory row; Git history non-authoritative
cli/cmd/sdd-new/sdd-new.types.ts	CLI-SDD-NEW	canonical CLI command boundary plus sibling @spec/spec inventory; headerless inventory row; Git history non-authoritative
cli/cmd/sdd-orient/__tests__/build-neighbourhood.test.ts	CLI-SDD-ORIENT	canonical CLI command boundary plus sibling @spec/spec inventory; headerless inventory row; Git history non-authoritative
cli/cmd/sdd-orient/__tests__/parse-module.test.ts	CLI-SDD-ORIENT	canonical CLI command boundary plus sibling @spec/spec inventory; headerless inventory row; Git history non-authoritative
cli/cmd/sdd-orient/__tests__/parse-scope.test.ts	CLI-SDD-ORIENT	canonical CLI command boundary plus sibling @spec/spec inventory; headerless inventory row; Git history non-authoritative
cli/cmd/sdd-orient/__tests__/render-neighbourhood.test.ts	CLI-SDD-ORIENT	canonical CLI command boundary plus sibling @spec/spec inventory; headerless inventory row; Git history non-authoritative
cli/cmd/sdd-orient/__tests__/resolve-target.test.ts	CLI-SDD-ORIENT	canonical CLI command boundary plus sibling @spec/spec inventory; headerless inventory row; Git history non-authoritative
cli/cmd/sdd-orient/__tests__/sdd-orient.cmd.test.ts	CLI-SDD-ORIENT	canonical CLI command boundary plus sibling @spec/spec inventory; headerless inventory row; Git history non-authoritative
cli/cmd/sdd-orient/__tests__/spec-kind.test.ts	CLI-SDD-ORIENT	canonical CLI command boundary plus sibling @spec/spec inventory; headerless inventory row; Git history non-authoritative
cli/cmd/sdd-orient/__tests__/spec-sections.test.ts	CLI-SDD-ORIENT	canonical CLI command boundary plus sibling @spec/spec inventory; headerless inventory row; Git history non-authoritative
cli/cmd/sdd-orient/core/build-neighbourhood.ts	CLI-SDD-ORIENT	canonical CLI command boundary plus sibling @spec/spec inventory; headerless inventory row; Git history non-authoritative
cli/cmd/sdd-orient/core/parse-module.ts	CLI-SDD-ORIENT	canonical CLI command boundary plus sibling @spec/spec inventory; headerless inventory row; Git history non-authoritative
cli/cmd/sdd-orient/core/parse-scope.ts	CLI-SDD-ORIENT	canonical CLI command boundary plus sibling @spec/spec inventory; headerless inventory row; Git history non-authoritative
cli/cmd/sdd-orient/core/resolve-target.ts	CLI-SDD-ORIENT	canonical CLI command boundary plus sibling @spec/spec inventory; headerless inventory row; Git history non-authoritative
cli/cmd/sdd-orient/core/spec-kind.ts	CLI-SDD-ORIENT	canonical CLI command boundary plus sibling @spec/spec inventory; headerless inventory row; Git history non-authoritative
cli/cmd/sdd-orient/core/spec-section-source.ts	CLI-SDD-ORIENT	canonical CLI command boundary plus sibling @spec/spec inventory; headerless inventory row; Git history non-authoritative
cli/cmd/sdd-orient/core/spec-sections.ts	CLI-SDD-ORIENT	canonical CLI command boundary plus sibling @spec/spec inventory; headerless inventory row; Git history non-authoritative
cli/cmd/sdd-orient/help.ts	CLI-SDD-ORIENT	canonical CLI command boundary plus sibling @spec/spec inventory; headerless inventory row; Git history non-authoritative
cli/cmd/sdd-orient/index.ts	CLI-SDD-ORIENT	canonical CLI command boundary plus sibling @spec/spec inventory; headerless inventory row; Git history non-authoritative
cli/cmd/sdd-orient/render/render-neighbourhood.ts	CLI-SDD-ORIENT	canonical CLI command boundary plus sibling @spec/spec inventory; headerless inventory row; Git history non-authoritative
cli/cmd/sdd-orient/sdd-orient.cmd.ts	CLI-SDD-ORIENT	canonical CLI command boundary plus sibling @spec/spec inventory; headerless inventory row; Git history non-authoritative
cli/cmd/sdd-orient/sdd-orient.types.ts	CLI-SDD-ORIENT	canonical CLI command boundary plus sibling @spec/spec inventory; headerless inventory row; Git history non-authoritative
cli/cmd/sdd-state/__tests__/sdd-state.cmd.test.ts	CLI-SDD-STATE	canonical CLI command boundary plus sibling @spec/spec inventory; headerless inventory row; Git history non-authoritative
cli/cmd/sdd-state/help.ts	CLI-SDD-STATE	canonical CLI command boundary plus sibling @spec/spec inventory; headerless inventory row; Git history non-authoritative
cli/cmd/sdd-state/index.ts	CLI-SDD-STATE	canonical CLI command boundary plus sibling @spec/spec inventory; headerless inventory row; Git history non-authoritative
cli/cmd/sdd-state/sdd-state.cmd.ts	CLI-SDD-STATE	canonical CLI command boundary plus sibling @spec/spec inventory; headerless inventory row; Git history non-authoritative
cli/cmd/sdd-state/sdd-state.types.ts	CLI-SDD-STATE	canonical CLI command boundary plus sibling @spec/spec inventory; headerless inventory row; Git history non-authoritative
cli/cmd/sdd-sync/__tests__/sdd-sync.cmd.test.ts	CLI-SDD-SYNC	canonical CLI command boundary plus sibling @spec/spec inventory; headerless inventory row; Git history non-authoritative
cli/cmd/sdd-sync/help.ts	CLI-SDD-SYNC	canonical CLI command boundary plus sibling @spec/spec inventory; headerless inventory row; Git history non-authoritative
cli/cmd/sdd-sync/index.ts	CLI-SDD-SYNC	canonical CLI command boundary plus sibling @spec/spec inventory; headerless inventory row; Git history non-authoritative
cli/cmd/sdd-sync/sdd-sync.cmd.ts	CLI-SDD-SYNC	canonical CLI command boundary plus sibling @spec/spec inventory; headerless inventory row; Git history non-authoritative
cli/cmd/sdd-sync/sdd-sync.types.ts	CLI-SDD-SYNC	canonical CLI command boundary plus sibling @spec/spec inventory; headerless inventory row; Git history non-authoritative
cli/cmd/sdd-task/__tests__/sdd-task.cmd.test.ts	CLI-SDD-TASK	canonical CLI command boundary plus sibling @spec/spec inventory; headerless inventory row; Git history non-authoritative
cli/cmd/sdd-task/help.ts	CLI-SDD-TASK	canonical CLI command boundary plus sibling @spec/spec inventory; headerless inventory row; Git history non-authoritative
cli/cmd/sdd-task/index.ts	CLI-SDD-TASK	canonical CLI command boundary plus sibling @spec/spec inventory; headerless inventory row; Git history non-authoritative
cli/cmd/sdd-task/sdd-task.cmd.ts	CLI-SDD-TASK	canonical CLI command boundary plus sibling @spec/spec inventory; legacy @tasks V-05b; Git history non-authoritative
cli/cmd/sdd-task/sdd-task.types.ts	CLI-SDD-TASK	canonical CLI command boundary plus sibling @spec/spec inventory; headerless inventory row; Git history non-authoritative
cli/cmd/sdd-verify/__tests__/golang-runtime.test.ts	CLI-SDD-VERIFY	canonical CLI command boundary plus sibling @spec/spec inventory; headerless inventory row; Git history non-authoritative
cli/cmd/sdd-verify/__tests__/parity-node.test.ts	CLI-SDD-VERIFY	canonical CLI command boundary plus sibling @spec/spec inventory; headerless inventory row; Git history non-authoritative
cli/cmd/sdd-verify/__tests__/phase-context.test.ts	CLI-SDD-VERIFY	canonical CLI command boundary plus sibling @spec/spec inventory; headerless inventory row; Git history non-authoritative
cli/cmd/sdd-verify/__tests__/phase-run.test.ts	CLI-SDD-VERIFY	canonical CLI command boundary plus sibling @spec/spec inventory; headerless inventory row; Git history non-authoritative
cli/cmd/sdd-verify/__tests__/sdd-verify.cmd.test.ts	CLI-SDD-VERIFY	canonical CLI command boundary plus sibling @spec/spec inventory; headerless inventory row; Git history non-authoritative
cli/cmd/sdd-verify/__tests__/workspace-mutation.test.ts	CLI-SDD-VERIFY	canonical CLI command boundary plus sibling @spec/spec inventory; headerless inventory row; Git history non-authoritative
cli/cmd/sdd-verify/full-profile-plan.ts	CLI-SDD-VERIFY	canonical CLI command boundary plus sibling @spec/spec inventory; legacy @tasks V-13b; Git history non-authoritative
cli/cmd/sdd-verify/help.ts	CLI-SDD-VERIFY	canonical CLI command boundary plus sibling @spec/spec inventory; headerless inventory row; Git history non-authoritative
cli/cmd/sdd-verify/index.ts	CLI-SDD-VERIFY	canonical CLI command boundary plus sibling @spec/spec inventory; headerless inventory row; Git history non-authoritative
cli/cmd/sdd-verify/phase-context.ts	CLI-SDD-VERIFY	canonical CLI command boundary plus sibling @spec/spec inventory; legacy @tasks V-05b, V-08c; Git history non-authoritative
cli/cmd/sdd-verify/phase-receipt-validation.ts	CLI-SDD-VERIFY	canonical CLI command boundary plus sibling @spec/spec inventory; headerless inventory row; Git history non-authoritative
cli/cmd/sdd-verify/phase-run.ts	CLI-SDD-VERIFY	canonical CLI command boundary plus sibling @spec/spec inventory; headerless inventory row; Git history non-authoritative
cli/cmd/sdd-verify/repair-adapters.ts	CLI-SDD-VERIFY	canonical CLI command boundary plus sibling @spec/spec inventory; headerless inventory row; Git history non-authoritative
cli/cmd/sdd-verify/sdd-verify.cmd.ts	CLI-SDD-VERIFY	canonical CLI command boundary plus sibling @spec/spec inventory; headerless inventory row; Git history non-authoritative
cli/cmd/sdd-verify/sdd-verify.types.ts	CLI-SDD-VERIFY	canonical CLI command boundary plus sibling @spec/spec inventory; headerless inventory row; Git history non-authoritative
cli/cmd/sdd-verify/workspace-mutation.ts	CLI-SDD-VERIFY	canonical CLI command boundary plus sibling @spec/spec inventory; headerless inventory row; Git history non-authoritative
cli/cmd/sync-skills/__tests__/sync-skills-core-partial-read.test.ts	CLI-SYNC-SKILLS	canonical CLI command boundary plus sibling @spec/spec inventory; legacy @tasks SS-command; Git history non-authoritative
cli/cmd/sync-skills/__tests__/sync-skills-core.test.ts	CLI-SYNC-SKILLS	canonical CLI command boundary plus sibling @spec/spec inventory; legacy @tasks SS-command; Git history non-authoritative
cli/cmd/sync-skills/__tests__/sync-skills-formatter.test.ts	CLI-SYNC-SKILLS	canonical CLI command boundary plus sibling @spec/spec inventory; legacy @tasks SS-command; Git history non-authoritative
cli/cmd/sync-skills/__tests__/sync-skills.cmd.test.ts	CLI-SYNC-SKILLS	canonical CLI command boundary plus sibling @spec/spec inventory; legacy @tasks SS-command; Git history non-authoritative
cli/cmd/sync-skills/__tests__/sync-skills.types.test.ts	CLI-SYNC-SKILLS	canonical CLI command boundary plus sibling @spec/spec inventory; legacy @tasks SS-command; Git history non-authoritative
cli/cmd/sync-skills/index.ts	CLI-SYNC-SKILLS	canonical CLI command boundary plus sibling @spec/spec inventory; legacy @tasks SS-command; Git history non-authoritative
cli/cmd/sync-skills/sync-skills-core.ts	CLI-SYNC-SKILLS	canonical CLI command boundary plus sibling @spec/spec inventory; legacy @tasks SS-command; Git history non-authoritative
cli/cmd/sync-skills/sync-skills-formatter.ts	CLI-SYNC-SKILLS	canonical CLI command boundary plus sibling @spec/spec inventory; legacy @tasks SS-command; Git history non-authoritative
cli/cmd/sync-skills/sync-skills.cmd.ts	CLI-SYNC-SKILLS	canonical CLI command boundary plus sibling @spec/spec inventory; legacy @tasks SS-command; Git history non-authoritative
cli/cmd/sync-skills/sync-skills.types.ts	CLI-SYNC-SKILLS	canonical CLI command boundary plus sibling @spec/spec inventory; legacy @tasks SS-command; Git history non-authoritative
cli/cmd/sync/__tests__/sync-core-partial-read.test.ts	CLI-SYNC	canonical CLI command boundary plus sibling @spec/spec inventory; legacy @tasks SYN-shared; Git history non-authoritative
cli/cmd/sync/__tests__/sync-core.test.ts	CLI-SYNC	canonical CLI command boundary plus sibling @spec/spec inventory; legacy @tasks SYN-tests; Git history non-authoritative
cli/cmd/sync/__tests__/sync-formatter.test.ts	CLI-SYNC	canonical CLI command boundary plus sibling @spec/spec inventory; legacy @tasks SYN-tests, SYN-shared; Git history non-authoritative
cli/cmd/sync/__tests__/sync.cmd.test.ts	CLI-SYNC	canonical CLI command boundary plus sibling @spec/spec inventory; legacy @tasks SYN-tests, SYN-shared; Git history non-authoritative
cli/cmd/sync/help.ts	CLI-SYNC	canonical CLI command boundary plus sibling @spec/spec inventory; legacy @tasks SYN-command, SYN-tests; Git history non-authoritative
cli/cmd/sync/index.ts	CLI-SYNC	canonical CLI command boundary plus sibling @spec/spec inventory; legacy @tasks SYN-command; Git history non-authoritative
cli/cmd/sync/sync-core.ts	CLI-SYNC	canonical CLI command boundary plus sibling @spec/spec inventory; legacy @tasks SYN-command, SYN-tests, SYN-shared; Git history non-authoritative
cli/cmd/sync/sync-formatter.ts	CLI-SYNC	canonical CLI command boundary plus sibling @spec/spec inventory; legacy @tasks SYN-command, SYN-tests, SYN-shared; Git history non-authoritative
cli/cmd/sync/sync.cmd.ts	CLI-SYNC	canonical CLI command boundary plus sibling @spec/spec inventory; legacy @tasks SYN-command, SYN-tests, SYN-shared; Git history non-authoritative
cli/cmd/sync/sync.types.ts	CLI-SYNC	canonical CLI command boundary plus sibling @spec/spec inventory; legacy @tasks SYN-command, SYN-tests; Git history non-authoritative
cli/cmd/testcov/__tests__/coverage-adapter-registry.test.ts	CLI-TESTCOV	canonical CLI command boundary plus sibling @spec/spec inventory; headerless inventory row; Git history non-authoritative
cli/cmd/testcov/__tests__/coverage-threshold.test.ts	CLI-TESTCOV	canonical CLI command boundary plus sibling @spec/spec inventory; headerless inventory row; Git history non-authoritative
cli/cmd/testcov/__tests__/testcov.cmd.test.ts	CLI-TESTCOV	canonical CLI command boundary plus sibling @spec/spec inventory; headerless inventory row; Git history non-authoritative
cli/cmd/testcov/coverage-adapter-registry.ts	CLI-TESTCOV	canonical CLI command boundary plus sibling @spec/spec inventory; headerless inventory row; Git history non-authoritative
cli/cmd/testcov/coverage-adapter.types.ts	CLI-TESTCOV	canonical CLI command boundary plus sibling @spec/spec inventory; headerless inventory row; Git history non-authoritative
cli/cmd/testcov/coverage-artifact.ts	CLI-TESTCOV	canonical CLI command boundary plus sibling @spec/spec inventory; headerless inventory row; Git history non-authoritative
cli/cmd/testcov/coverage-threshold.ts	CLI-TESTCOV	canonical CLI command boundary plus sibling @spec/spec inventory; headerless inventory row; Git history non-authoritative
cli/cmd/testcov/coverage-traversal.ts	CLI-TESTCOV	canonical CLI command boundary plus sibling @spec/spec inventory; headerless inventory row; Git history non-authoritative
cli/cmd/testcov/help.ts	CLI-TESTCOV	canonical CLI command boundary plus sibling @spec/spec inventory; legacy @tasks TES-tree; Git history non-authoritative
cli/cmd/testcov/index.ts	CLI-TESTCOV	canonical CLI command boundary plus sibling @spec/spec inventory; legacy @tasks TES-tree; Git history non-authoritative
cli/cmd/testcov/istanbul-coverage-adapter.ts	CLI-TESTCOV	canonical CLI command boundary plus sibling @spec/spec inventory; headerless inventory row; Git history non-authoritative
cli/cmd/testcov/testcov.cmd.ts	CLI-TESTCOV	canonical CLI command boundary plus sibling @spec/spec inventory; legacy @tasks TES-tree; Git history non-authoritative
cli/cmd/testcov/xccov-coverage-adapter.ts	CLI-TESTCOV	canonical CLI command boundary plus sibling @spec/spec inventory; legacy @tasks V-11; Git history non-authoritative
cli/cmd/vcs-diff/__tests__/vcs-diff.test.ts	CLI	manual responsibility: shared/VCS CLI command surface; legacy @tasks CLI-diff; Git history non-authoritative
cli/cmd/vcs-diff/help.ts	CLI	manual responsibility: shared/VCS CLI command surface; legacy @tasks CLI-diff; Git history non-authoritative
cli/cmd/vcs-diff/index.ts	CLI	manual responsibility: shared/VCS CLI command surface; legacy @tasks CLI-diff; Git history non-authoritative
cli/cmd/vcs-diff/vcs-diff.cmd.ts	CLI	manual responsibility: shared/VCS CLI command surface; legacy @tasks CLI-diff; Git history non-authoritative
cli/cmd/vcs-discussions/help.ts	CLI	manual responsibility: shared/VCS CLI command surface; legacy @tasks CLI-discuss, TSK-96; Git history non-authoritative
cli/cmd/vcs-discussions/index.ts	CLI	manual responsibility: shared/VCS CLI command surface; headerless inventory row; Git history non-authoritative
cli/cmd/vcs-discussions/vcs-discussions.cmd.ts	CLI	manual responsibility: shared/VCS CLI command surface; legacy @tasks CLI-discuss, TSK-96; Git history non-authoritative
cli/cmd/vcs-discussions/vcs-discussions.test.ts	CLI	manual responsibility: shared/VCS CLI command surface; legacy @tasks TSK-96; Git history non-authoritative
cli/cmd/vcs-draft-note/__tests__/vcs-draft-note.test.ts	CLI	manual responsibility: shared/VCS CLI command surface; legacy @tasks CLI-draft; Git history non-authoritative
cli/cmd/vcs-job/__tests__/vcs-job.test.ts	CLI	manual responsibility: shared/VCS CLI command surface; legacy @tasks CLI-jobs; Git history non-authoritative
cli/cmd/vcs-mr-create/help.ts	CLI	manual responsibility: shared/VCS CLI command surface; legacy @tasks CLI-mrcreate; Git history non-authoritative
cli/cmd/vcs-mr-create/index.ts	CLI	manual responsibility: shared/VCS CLI command surface; headerless inventory row; Git history non-authoritative
cli/cmd/vcs-mr-create/vcs-mr-create.cmd.ts	CLI	manual responsibility: shared/VCS CLI command surface; legacy @tasks CLI-mrcreate; Git history non-authoritative
cli/cmd/vcs-mr-edit/help.ts	CLI	manual responsibility: shared/VCS CLI command surface; legacy @tasks CLI-mr-edit; Git history non-authoritative
cli/cmd/vcs-mr-edit/index.ts	CLI	manual responsibility: shared/VCS CLI command surface; headerless inventory row; Git history non-authoritative
cli/cmd/vcs-mr-edit/vcs-mr-edit.cmd.ts	CLI	manual responsibility: shared/VCS CLI command surface; legacy @tasks CLI-mr-edit; Git history non-authoritative
cli/cmd/vcs-react/help.ts	CLI	manual responsibility: shared/VCS CLI command surface; legacy @tasks TSK-98; Git history non-authoritative
cli/cmd/vcs-react/index.ts	CLI	manual responsibility: shared/VCS CLI command surface; headerless inventory row; Git history non-authoritative
cli/cmd/vcs-react/vcs-react.cmd.ts	CLI	manual responsibility: shared/VCS CLI command surface; legacy @tasks TSK-98; Git history non-authoritative
cli/cmd/vcs-reply/__tests__/vcs-reply.cmd.test.ts	CLI	manual responsibility: shared/VCS CLI command surface; legacy @tasks CLI-vcs-use, TSK-100; Git history non-authoritative
cli/cmd/vcs-reply/__tests__/vcs-reply.delete.test.ts	CLI	manual responsibility: shared/VCS CLI command surface; legacy @tasks CLI-draft; Git history non-authoritative
cli/cmd/vcs-reply/__tests__/vcs-reply.edit.test.ts	CLI	manual responsibility: shared/VCS CLI command surface; legacy @tasks CLI-noteedit, TSK-100; Git history non-authoritative
cli/cmd/vcs-reply/__tests__/vcs-reply.suggestion.test.ts	CLI	manual responsibility: shared/VCS CLI command surface; legacy @tasks CLI-suggest; Git history non-authoritative
cli/cmd/vcs-reply/help.ts	CLI	manual responsibility: shared/VCS CLI command surface; headerless inventory row; Git history non-authoritative
cli/cmd/vcs-reply/index.ts	CLI	manual responsibility: shared/VCS CLI command surface; headerless inventory row; Git history non-authoritative
cli/cmd/vcs-worktree/__tests__/vcs-worktree.cmd.error.test.ts	CLI	manual responsibility: shared/VCS CLI command surface; legacy @tasks CLI-vcs-use; Git history non-authoritative
cli/cmd/vcs-worktree/__tests__/vcs-worktree.cmd.test.ts	CLI	manual responsibility: shared/VCS CLI command surface; legacy @tasks CLI-vcs-use; Git history non-authoritative
cli/cmd/vcs-worktree/_core/logic/locate-clone.logic.ts	CLI	manual responsibility: shared/VCS CLI command surface; headerless inventory row; Git history non-authoritative
cli/cmd/vcs-worktree/_core/logic/locate-clone.test.ts	CLI	manual responsibility: shared/VCS CLI command surface; headerless inventory row; Git history non-authoritative
cli/cmd/vcs-worktree/_core/logic/worktree-ops.event-loop.test.ts	CLI	manual responsibility: shared/VCS CLI command surface; legacy @tasks CLI-discuss; Git history non-authoritative
cli/cmd/vcs-worktree/help.ts	CLI	manual responsibility: shared/VCS CLI command surface; headerless inventory row; Git history non-authoritative
cli/cmd/vcs-worktree/index.ts	CLI	manual responsibility: shared/VCS CLI command surface; headerless inventory row; Git history non-authoritative
cli/cmd/verify/__tests__/verify.cmd.test.ts	CLI-VERIFY	canonical CLI command boundary plus sibling @spec/spec inventory; headerless inventory row; Git history non-authoritative
cli/cmd/verify/help.ts	CLI-VERIFY	canonical CLI command boundary plus sibling @spec/spec inventory; headerless inventory row; Git history non-authoritative
cli/cmd/verify/index.ts	CLI-VERIFY	canonical CLI command boundary plus sibling @spec/spec inventory; headerless inventory row; Git history non-authoritative
cli/cmd/verify/verify.cmd.ts	CLI-VERIFY	canonical CLI command boundary plus sibling @spec/spec inventory; headerless inventory row; Git history non-authoritative
cli/cmd/verify/verify.types.ts	CLI-VERIFY	canonical CLI command boundary plus sibling @spec/spec inventory; headerless inventory row; Git history non-authoritative
cli/cmd/yagni/__tests__/yagni-index.test.ts	CLI-YAGNI	canonical CLI command boundary plus sibling @spec/spec inventory; headerless inventory row; Git history non-authoritative
cli/cmd/yagni/__tests__/yagni.cmd.test.ts	CLI-YAGNI	canonical CLI command boundary plus sibling @spec/spec inventory; headerless inventory row; Git history non-authoritative
cli/cmd/yagni/help.ts	CLI-YAGNI	canonical CLI command boundary plus sibling @spec/spec inventory; headerless inventory row; Git history non-authoritative
cli/cmd/yagni/index.ts	CLI-YAGNI	canonical CLI command boundary plus sibling @spec/spec inventory; headerless inventory row; Git history non-authoritative
cli/cmd/yagni/yagni-index.ts	CLI-YAGNI	canonical CLI command boundary plus sibling @spec/spec inventory; headerless inventory row; Git history non-authoritative
cli/cmd/yagni/yagni.cmd.ts	CLI-YAGNI	canonical CLI command boundary plus sibling @spec/spec inventory; headerless inventory row; Git history non-authoritative
cli/cmd/yagni/yagni.types.ts	CLI-YAGNI	canonical CLI command boundary plus sibling @spec/spec inventory; headerless inventory row; Git history non-authoritative
cli/index.ts	CLI	manual responsibility: CLI composition/shared infrastructure; legacy @tasks UC-notify, CMD-entry; Git history non-authoritative
cli/utils/ai-legacy/ai-legacy-agent.ts	CLI	manual responsibility: CLI composition/shared infrastructure; headerless inventory row; Git history non-authoritative
cli/utils/ai-legacy/ai-legacy-core.ts	CLI	manual responsibility: CLI composition/shared infrastructure; headerless inventory row; Git history non-authoritative
cli/utils/ai-legacy/ai-legacy-model.ts	CLI	manual responsibility: CLI composition/shared infrastructure; headerless inventory row; Git history non-authoritative
cli/utils/cat-gen/__tests__/cat-gen-from-vcs.test.ts	CLI	manual responsibility: CLI composition/shared infrastructure; legacy @tasks CAT-mr-url; Git history non-authoritative
cli/utils/cat-gen/cat-gen.ts	CLI	manual responsibility: CLI composition/shared infrastructure; legacy @tasks CAT-mr-url; Git history non-authoritative
cli/utils/commit-gen/commit-gen.ts	CLI	manual responsibility: CLI composition/shared infrastructure; headerless inventory row; Git history non-authoritative
cli/utils/prompts/index.ts	CLI	manual responsibility: CLI composition/shared infrastructure; headerless inventory row; Git history non-authoritative
cli/utils/review-gen/review-gen.ts	CLI	manual responsibility: CLI composition/shared infrastructure; headerless inventory row; Git history non-authoritative
e2e/inbox-serve/dashboard.aria.spec.ts	AGENT-INBOX	manual responsibility: agent-inbox end-to-end acceptance; legacy @tasks TSK-108, TSK-107; Git history non-authoritative
e2e/inbox-serve/dashboard.layout.spec.ts	AGENT-INBOX	manual responsibility: agent-inbox end-to-end acceptance; legacy @tasks TSK-108, TSK-107; Git history non-authoritative
e2e/inbox-serve/dashboard.spec.ts	AGENT-INBOX	manual responsibility: agent-inbox end-to-end acceptance; legacy @tasks TSK-108, TSK-107; Git history non-authoritative
e2e/inbox-serve/fixtures/eval-fixture.ts	AGENT-INBOX	manual responsibility: agent-inbox end-to-end acceptance; legacy @tasks TSK-120; Git history non-authoritative
e2e/inbox-serve/fixtures/mock-data.ts	AGENT-INBOX	manual responsibility: agent-inbox end-to-end acceptance; legacy @tasks TSK-107, TSK-108; Git history non-authoritative
e2e/inbox-serve/helpers/__tests__/aria-snapshot.helper.test.ts	AGENT-INBOX	manual responsibility: agent-inbox end-to-end acceptance; legacy @tasks TSK-114; Git history non-authoritative
e2e/inbox-serve/helpers/__tests__/layout.helper.test.ts	AGENT-INBOX	manual responsibility: agent-inbox end-to-end acceptance; legacy @tasks TSK-114; Git history non-authoritative
e2e/inbox-serve/helpers/aria-snapshot.helper.ts	AGENT-INBOX	manual responsibility: agent-inbox end-to-end acceptance; legacy @tasks TSK-114; Git history non-authoritative
e2e/inbox-serve/helpers/layout.helper.ts	AGENT-INBOX	manual responsibility: agent-inbox end-to-end acceptance; legacy @tasks TSK-114; Git history non-authoritative
e2e/inbox-serve/helpers/shot.ts	AGENT-INBOX	manual responsibility: agent-inbox end-to-end acceptance; legacy @tasks TSK-108, TSK-107; Git history non-authoritative
e2e/inbox-serve/helpers/wait-render.ts	AGENT-INBOX	manual responsibility: agent-inbox end-to-end acceptance; legacy @tasks TSK-120; Git history non-authoritative
e2e/inbox-serve/playwright.config.ts	AGENT-INBOX	manual responsibility: agent-inbox end-to-end acceptance; legacy @tasks TSK-107, TSK-122; Git history non-authoritative
e2e/inbox-serve/playwright.dashboard-v2.config.ts	AGENT-INBOX	manual responsibility: agent-inbox end-to-end acceptance; legacy @tasks ID-spa; Git history non-authoritative
e2e/inbox-serve/playwright.review-flow.config.ts	AGENT-INBOX	manual responsibility: agent-inbox end-to-end acceptance; legacy @tasks TSK-131; Git history non-authoritative
e2e/inbox-serve/review-flow/_support.ts	AGENT-INBOX	manual responsibility: agent-inbox end-to-end acceptance; legacy @tasks TSK-131; Git history non-authoritative
e2e/inbox-serve/review-flow/author-pipeline.spec.ts	AGENT-INBOX	manual responsibility: agent-inbox end-to-end acceptance; headerless inventory row; Git history non-authoritative
e2e/inbox-serve/review-flow/b1-cold-start.spec.ts	AGENT-INBOX	manual responsibility: agent-inbox end-to-end acceptance; legacy @tasks TSK-107; Git history non-authoritative
e2e/inbox-serve/review-flow/b10-selection-context-badge.spec.ts	AGENT-INBOX	manual responsibility: agent-inbox end-to-end acceptance; legacy @tasks TSK-130, TSK-132; Git history non-authoritative
e2e/inbox-serve/review-flow/b4-stage-badges.spec.ts	AGENT-INBOX	manual responsibility: agent-inbox end-to-end acceptance; legacy @tasks TSK-155; Git history non-authoritative
e2e/inbox-serve/review-flow/b6-dropdown-outside-click.spec.ts	AGENT-INBOX	manual responsibility: agent-inbox end-to-end acceptance; legacy @tasks TSK-107; Git history non-authoritative
e2e/inbox-serve/review-flow/b7-report-not-started.spec.ts	AGENT-INBOX	manual responsibility: agent-inbox end-to-end acceptance; legacy @tasks TSK-107; Git history non-authoritative
e2e/inbox-serve/review-flow/b9-chat-optimistic.spec.ts	AGENT-INBOX	manual responsibility: agent-inbox end-to-end acceptance; legacy @tasks TSK-130; Git history non-authoritative
e2e/inbox-serve/review-flow/full-walkthrough.spec.ts	AGENT-INBOX	manual responsibility: agent-inbox end-to-end acceptance; headerless inventory row; Git history non-authoritative
e2e/inbox-serve/review-flow/l1-inbox-snapshot.ts	AGENT-INBOX	manual responsibility: agent-inbox end-to-end acceptance; legacy @tasks agent-inbox live-flow-eval; Git history non-authoritative
e2e/inbox-serve/review-flow/l1b-artifact-crosscheck.ts	AGENT-INBOX	manual responsibility: agent-inbox end-to-end acceptance; legacy @tasks agent-inbox live-flow-eval; Git history non-authoritative
e2e/inbox-serve/review-flow/l1c-stale-artifacts.ts	AGENT-INBOX	manual responsibility: agent-inbox end-to-end acceptance; legacy @tasks agent-inbox live-flow-eval; Git history non-authoritative
e2e/inbox-serve/review-flow/live-monitor.spec.ts	AGENT-INBOX	manual responsibility: agent-inbox end-to-end acceptance; headerless inventory row; Git history non-authoritative
e2e/inbox-serve/review-flow/t1-startup.spec.ts	AGENT-INBOX	manual responsibility: agent-inbox end-to-end acceptance; legacy @tasks TSK-131; Git history non-authoritative
e2e/inbox-serve/review-flow/t2-assign.spec.ts	AGENT-INBOX	manual responsibility: agent-inbox end-to-end acceptance; legacy @tasks TSK-131; Git history non-authoritative
e2e/inbox-serve/review-flow/t3-t4-live-review.spec.ts	AGENT-INBOX	manual responsibility: agent-inbox end-to-end acceptance; legacy @tasks TSK-131; Git history non-authoritative
e2e/inbox-serve/review-flow/t5-detail.spec.ts	AGENT-INBOX	manual responsibility: agent-inbox end-to-end acceptance; legacy @tasks TSK-131; Git history non-authoritative
e2e/inbox-serve/review-flow/t6-chat.spec.ts	AGENT-INBOX	manual responsibility: agent-inbox end-to-end acceptance; legacy @tasks TSK-131; Git history non-authoritative
e2e/inbox-serve/review-flow/t7-mutation.spec.ts	AGENT-INBOX	manual responsibility: agent-inbox end-to-end acceptance; legacy @tasks TSK-131; Git history non-authoritative
e2e/inbox-serve/review-flow/t8-action.spec.ts	AGENT-INBOX	manual responsibility: agent-inbox end-to-end acceptance; legacy @tasks TSK-131; Git history non-authoritative
e2e/inbox-serve/review-flow/t9-full-flow.spec.ts	AGENT-INBOX	manual responsibility: agent-inbox end-to-end acceptance; legacy @tasks TSK-131; Git history non-authoritative
e2e/inbox-serve/reviewer-eval.spec.ts	AGENT-INBOX	manual responsibility: agent-inbox end-to-end acceptance; legacy @tasks TSK-120, TSK-122; Git history non-authoritative
e2e/inbox-serve/reviewer-flow.spec.ts	AGENT-INBOX	manual responsibility: agent-inbox end-to-end acceptance; legacy @tasks TSK-123; Git history non-authoritative
e2e/inbox-serve/smoke.spec.ts	AGENT-INBOX	manual responsibility: agent-inbox end-to-end acceptance; legacy @tasks TSK-107; Git history non-authoritative
index.ts	INFRA-BASE	manual responsibility: repository build/test infrastructure; headerless inventory row; Git history non-authoritative
plugins/anystack/anystack-plugin.ts	CLI-VERIFY	manual responsibility: verification stack plugin contract; legacy @tasks TSK-96; Git history non-authoritative
plugins/golang/__tests__/golang-detect.test.ts	CLI-VERIFY	manual responsibility: verification stack plugin contract; legacy @tasks TSK-95; Git history non-authoritative
plugins/golang/__tests__/golang-plan.test.ts	CLI-VERIFY	manual responsibility: verification stack plugin contract; legacy @tasks TSK-95; Git history non-authoritative
plugins/golang/__tests__/golang-scope.test.ts	CLI-VERIFY	manual responsibility: verification stack plugin contract; legacy @tasks TSK-95; Git history non-authoritative
plugins/golang/e2e/fixtures/go-broken-package-not-dropped/p/a.go	CLI-VERIFY	manual responsibility: verification stack plugin contract; headerless inventory row; Git history non-authoritative
plugins/golang/e2e/fixtures/go-build-error/main.go	CLI-VERIFY	manual responsibility: verification stack plugin contract; headerless inventory row; Git history non-authoritative
plugins/golang/e2e/fixtures/go-changed-scope/pkga/a.go	CLI-VERIFY	manual responsibility: verification stack plugin contract; headerless inventory row; Git history non-authoritative
plugins/golang/e2e/fixtures/go-changed-scope/pkgb/b.go	CLI-VERIFY	manual responsibility: verification stack plugin contract; headerless inventory row; Git history non-authoritative
plugins/golang/e2e/fixtures/go-clean-full/main.go	CLI-VERIFY	manual responsibility: verification stack plugin contract; headerless inventory row; Git history non-authoritative
plugins/golang/e2e/fixtures/go-clean-full/main_test.go	CLI-VERIFY	manual responsibility: verification stack plugin contract; headerless inventory row; Git history non-authoritative
plugins/golang/e2e/fixtures/go-dirty-tree/main.go	CLI-VERIFY	manual responsibility: verification stack plugin contract; headerless inventory row; Git history non-authoritative
plugins/golang/e2e/fixtures/go-empty-scope/main.go	CLI-VERIFY	manual responsibility: verification stack plugin contract; headerless inventory row; Git history non-authoritative
plugins/golang/e2e/fixtures/go-envfail-catchall/main.go	CLI-VERIFY	manual responsibility: verification stack plugin contract; headerless inventory row; Git history non-authoritative
plugins/golang/e2e/fixtures/go-envfail-hint-precedence/main.go	CLI-VERIFY	manual responsibility: verification stack plugin contract; headerless inventory row; Git history non-authoritative
plugins/golang/e2e/fixtures/go-envfail-rules/main.go	CLI-VERIFY	manual responsibility: verification stack plugin contract; headerless inventory row; Git history non-authoritative
plugins/golang/e2e/fixtures/go-envfail-streams/main.go	CLI-VERIFY	manual responsibility: verification stack plugin contract; headerless inventory row; Git history non-authoritative
plugins/golang/e2e/fixtures/go-extra-gate/main.go	CLI-VERIFY	manual responsibility: verification stack plugin contract; headerless inventory row; Git history non-authoritative
plugins/golang/e2e/fixtures/go-extra-requires-missing/main.go	CLI-VERIFY	manual responsibility: verification stack plugin contract; headerless inventory row; Git history non-authoritative
plugins/golang/e2e/fixtures/go-extra-requires-ok/main.go	CLI-VERIFY	manual responsibility: verification stack plugin contract; headerless inventory row; Git history non-authoritative
plugins/golang/e2e/fixtures/go-fix-missing-tool/main.go	CLI-VERIFY	manual responsibility: verification stack plugin contract; headerless inventory row; Git history non-authoritative
plugins/golang/e2e/fixtures/go-fmt-drift/main.go	CLI-VERIFY	manual responsibility: verification stack plugin contract; headerless inventory row; Git history non-authoritative
plugins/golang/e2e/fixtures/go-fmt-excludes-nested-testdata/cmd/c.go	CLI-VERIFY	manual responsibility: verification stack plugin contract; headerless inventory row; Git history non-authoritative
plugins/golang/e2e/fixtures/go-fmt-excludes-nested-testdata/internal/i.go	CLI-VERIFY	manual responsibility: verification stack plugin contract; headerless inventory row; Git history non-authoritative
plugins/golang/e2e/fixtures/go-fmt-excludes-nested-testdata/internal/testdata/golden.go	CLI-VERIFY	manual responsibility: verification stack plugin contract; headerless inventory row; Git history non-authoritative
plugins/golang/e2e/fixtures/go-full-output/main.go	CLI-VERIFY	manual responsibility: verification stack plugin contract; headerless inventory row; Git history non-authoritative
plugins/golang/e2e/fixtures/go-gate-fixer/main.go	CLI-VERIFY	manual responsibility: verification stack plugin contract; headerless inventory row; Git history non-authoritative
plugins/golang/e2e/fixtures/go-generate-fix-loop/main.go	CLI-VERIFY	manual responsibility: verification stack plugin contract; headerless inventory row; Git history non-authoritative
plugins/golang/e2e/fixtures/go-generate-ignored/main.go	CLI-VERIFY	manual responsibility: verification stack plugin contract; headerless inventory row; Git history non-authoritative
plugins/golang/e2e/fixtures/go-generate-missing-tool/main.go	CLI-VERIFY	manual responsibility: verification stack plugin contract; headerless inventory row; Git history non-authoritative
plugins/golang/e2e/fixtures/go-generate-new-directive/main.go	CLI-VERIFY	manual responsibility: verification stack plugin contract; headerless inventory row; Git history non-authoritative
plugins/golang/e2e/fixtures/go-generate-none/main.go	CLI-VERIFY	manual responsibility: verification stack plugin contract; headerless inventory row; Git history non-authoritative
plugins/golang/e2e/fixtures/go-generate-ok/main.go	CLI-VERIFY	manual responsibility: verification stack plugin contract; headerless inventory row; Git history non-authoritative
plugins/golang/e2e/fixtures/go-generate-stale/main.go	CLI-VERIFY	manual responsibility: verification stack plugin contract; headerless inventory row; Git history non-authoritative
plugins/golang/e2e/fixtures/go-hang-envfail/main.go	CLI-VERIFY	manual responsibility: verification stack plugin contract; headerless inventory row; Git history non-authoritative
plugins/golang/e2e/fixtures/go-hang/main.go	CLI-VERIFY	manual responsibility: verification stack plugin contract; headerless inventory row; Git history non-authoritative
plugins/golang/e2e/fixtures/go-lint-exit2/main.go	CLI-VERIFY	manual responsibility: verification stack plugin contract; headerless inventory row; Git history non-authoritative
plugins/golang/e2e/fixtures/go-make-lint-exit2/main.go	CLI-VERIFY	manual responsibility: verification stack plugin contract; headerless inventory row; Git history non-authoritative
plugins/golang/e2e/fixtures/go-mutating-gate/main.go	CLI-VERIFY	manual responsibility: verification stack plugin contract; headerless inventory row; Git history non-authoritative
plugins/golang/e2e/fixtures/go-no-commits/main.go	CLI-VERIFY	manual responsibility: verification stack plugin contract; headerless inventory row; Git history non-authoritative
plugins/golang/e2e/fixtures/go-override-argv/main.go	CLI-VERIFY	manual responsibility: verification stack plugin contract; headerless inventory row; Git history non-authoritative
plugins/golang/e2e/fixtures/go-override-env-timeout/main.go	CLI-VERIFY	manual responsibility: verification stack plugin contract; headerless inventory row; Git history non-authoritative
plugins/golang/e2e/fixtures/go-plan-describe/main.go	CLI-VERIFY	manual responsibility: verification stack plugin contract; headerless inventory row; Git history non-authoritative
plugins/golang/e2e/fixtures/go-proxy-blocked/main.go	CLI-VERIFY	manual responsibility: verification stack plugin contract; headerless inventory row; Git history non-authoritative
plugins/golang/e2e/fixtures/go-requires-config-error/main.go	CLI-VERIFY	manual responsibility: verification stack plugin contract; headerless inventory row; Git history non-authoritative
plugins/golang/e2e/fixtures/go-root-subdir/sub/main.go	CLI-VERIFY	manual responsibility: verification stack plugin contract; headerless inventory row; Git history non-authoritative
plugins/golang/e2e/fixtures/go-sandbox-drift/main.go	CLI-VERIFY	manual responsibility: verification stack plugin contract; headerless inventory row; Git history non-authoritative
plugins/golang/e2e/fixtures/go-scope-build-constraints/constrained/c.go	CLI-VERIFY	manual responsibility: verification stack plugin contract; headerless inventory row; Git history non-authoritative
plugins/golang/e2e/fixtures/go-scope-build-constraints/good/good.go	CLI-VERIFY	manual responsibility: verification stack plugin contract; headerless inventory row; Git history non-authoritative
plugins/golang/e2e/fixtures/go-scope-nested-module/good/good.go	CLI-VERIFY	manual responsibility: verification stack plugin contract; headerless inventory row; Git history non-authoritative
plugins/golang/e2e/fixtures/go-scope-nested-module/nested/nested.go	CLI-VERIFY	manual responsibility: verification stack plugin contract; headerless inventory row; Git history non-authoritative
plugins/golang/e2e/fixtures/go-scope-widen-on-gomod/good/good.go	CLI-VERIFY	manual responsibility: verification stack plugin contract; headerless inventory row; Git history non-authoritative
plugins/golang/e2e/fixtures/go-skip-cli-wins/main.go	CLI-VERIFY	manual responsibility: verification stack plugin contract; headerless inventory row; Git history non-authoritative
plugins/golang/e2e/fixtures/go-skip-flag/main.go	CLI-VERIFY	manual responsibility: verification stack plugin contract; headerless inventory row; Git history non-authoritative
plugins/golang/e2e/fixtures/go-skip-gates/main.go	CLI-VERIFY	manual responsibility: verification stack plugin contract; headerless inventory row; Git history non-authoritative
plugins/golang/e2e/fixtures/go-skip-lifted-by-only/main.go	CLI-VERIFY	manual responsibility: verification stack plugin contract; headerless inventory row; Git history non-authoritative
plugins/golang/e2e/fixtures/go-test-fail/main.go	CLI-VERIFY	manual responsibility: verification stack plugin contract; headerless inventory row; Git history non-authoritative
plugins/golang/e2e/fixtures/go-test-fail/main_test.go	CLI-VERIFY	manual responsibility: verification stack plugin contract; headerless inventory row; Git history non-authoritative
plugins/golang/e2e/fixtures/go-test-panic/main.go	CLI-VERIFY	manual responsibility: verification stack plugin contract; headerless inventory row; Git history non-authoritative
plugins/golang/e2e/fixtures/go-test-panic/main_test.go	CLI-VERIFY	manual responsibility: verification stack plugin contract; headerless inventory row; Git history non-authoritative
plugins/golang/e2e/fixtures/go-vet-error/main.go	CLI-VERIFY	manual responsibility: verification stack plugin contract; headerless inventory row; Git history non-authoritative
plugins/golang/e2e/fixtures/go-violation-envfail/main.go	CLI-VERIFY	manual responsibility: verification stack plugin contract; headerless inventory row; Git history non-authoritative
plugins/golang/golang-detect.logic.ts	CLI-VERIFY	manual responsibility: verification stack plugin contract; legacy @tasks TSK-95; Git history non-authoritative
plugins/golang/golang-plan.logic.ts	CLI-VERIFY	manual responsibility: verification stack plugin contract; legacy @tasks TSK-95; Git history non-authoritative
plugins/golang/golang-plugin.ts	CLI-VERIFY	manual responsibility: verification stack plugin contract; legacy @tasks TSK-95; Git history non-authoritative
plugins/golang/golang-scope.logic.ts	CLI-VERIFY	manual responsibility: verification stack plugin contract; legacy @tasks TSK-95; Git history non-authoritative
plugins/index.ts	CLI-VERIFY	manual responsibility: verification stack plugin contract; legacy @tasks V-02; Git history non-authoritative
plugins/swift/__tests__/swift-detect.test.ts	CLI-VERIFY	manual responsibility: verification stack plugin contract; legacy @tasks V-11; Git history non-authoritative
plugins/swift/__tests__/swift-plan.test.ts	CLI-VERIFY	manual responsibility: verification stack plugin contract; legacy @tasks V-11; Git history non-authoritative
plugins/swift/__tests__/swift-scope.test.ts	CLI-VERIFY	manual responsibility: verification stack plugin contract; legacy @tasks V-11; Git history non-authoritative
plugins/swift/swift-detect.logic.ts	CLI-VERIFY	manual responsibility: verification stack plugin contract; legacy @tasks V-11; Git history non-authoritative
plugins/swift/swift-plan.logic.ts	CLI-VERIFY	manual responsibility: verification stack plugin contract; legacy @tasks V-11; Git history non-authoritative
plugins/swift/swift-plugin.ts	CLI-VERIFY	manual responsibility: verification stack plugin contract; legacy @tasks V-11; Git history non-authoritative
plugins/swift/swift-scope.logic.ts	CLI-VERIFY	manual responsibility: verification stack plugin contract; legacy @tasks V-11; Git history non-authoritative
scripts/cleanup-publish-artifacts.ts	INFRA-BASE	manual responsibility: repository build/test infrastructure; headerless inventory row; Git history non-authoritative
scripts/normalize-dts-imports.ts	INFRA-BASE	manual responsibility: repository build/test infrastructure; headerless inventory row; Git history non-authoritative
scripts/pack-draft.ts	INFRA-BASE	manual responsibility: repository build/test infrastructure; headerless inventory row; Git history non-authoritative
scripts/publish-draft.ts	INFRA-BASE	manual responsibility: repository build/test infrastructure; headerless inventory row; Git history non-authoritative
scripts/publish-next.ts	INFRA-BASE	manual responsibility: repository build/test infrastructure; headerless inventory row; Git history non-authoritative
scripts/test-topology.ts	INFRA-BASE	manual responsibility: repository build/test infrastructure; headerless inventory row; Git history non-authoritative
services/agent-inbox/modules/inbox-api/__tests__/artifact.router.test.ts	AGENT-INBOX-INBOX-API	canonical module boundary plus sibling @spec/spec inventory; legacy @tasks TSK-106, IA-rest-sse; Git history non-authoritative
services/agent-inbox/modules/inbox-api/__tests__/board-provider.mock.test.ts	AGENT-INBOX-INBOX-API	canonical module boundary plus sibling @spec/spec inventory; legacy @tasks TSK-145; Git history non-authoritative
services/agent-inbox/modules/inbox-api/__tests__/board-provider.real.test.ts	AGENT-INBOX-INBOX-API	canonical module boundary plus sibling @spec/spec inventory; legacy @tasks TSK-117, TSK-122; Git history non-authoritative
services/agent-inbox/modules/inbox-api/__tests__/board.router.test.ts	AGENT-INBOX-INBOX-API	canonical module boundary plus sibling @spec/spec inventory; legacy @tasks TSK-106; Git history non-authoritative
services/agent-inbox/modules/inbox-api/__tests__/mr.router.test.ts	AGENT-INBOX-INBOX-API	canonical module boundary plus sibling @spec/spec inventory; legacy @tasks TSK-106; Git history non-authoritative
services/agent-inbox/modules/inbox-api/__tests__/sse-hub.test.ts	AGENT-INBOX-INBOX-API	canonical module boundary plus sibling @spec/spec inventory; legacy @tasks TSK-129; Git history non-authoritative
services/agent-inbox/modules/inbox-api/board-provider.mock.ts	AGENT-INBOX-INBOX-API	canonical module boundary plus sibling @spec/spec inventory; legacy @tasks TSK-106, TSK-145; Git history non-authoritative
services/agent-inbox/modules/inbox-api/board-provider.port.ts	AGENT-INBOX-INBOX-API	canonical module boundary plus sibling @spec/spec inventory; legacy @tasks TSK-106, TSK-145; Git history non-authoritative
services/agent-inbox/modules/inbox-api/board-provider.real.ts	AGENT-INBOX-INBOX-API	canonical module boundary plus sibling @spec/spec inventory; legacy @tasks TSK-117, TSK-122, TSK-131, TSK-145, TSK-155; Git history non-authoritative
services/agent-inbox/modules/inbox-api/errors.ts	AGENT-INBOX-INBOX-API	canonical module boundary plus sibling @spec/spec inventory; legacy @tasks TSK-106; Git history non-authoritative
services/agent-inbox/modules/inbox-api/http-helpers.ts	AGENT-INBOX-INBOX-API	canonical module boundary plus sibling @spec/spec inventory; legacy @tasks TSK-106, IA-rest-sse; Git history non-authoritative
services/agent-inbox/modules/inbox-api/index.ts	AGENT-INBOX-INBOX-API	canonical module boundary plus sibling @spec/spec inventory; legacy @tasks TSK-106; Git history non-authoritative
services/agent-inbox/modules/inbox-api/routers/artifact.router.ts	AGENT-INBOX-INBOX-API	canonical module boundary plus sibling @spec/spec inventory; legacy @tasks TSK-106, TSK-122, IA-rest-sse; Git history non-authoritative
services/agent-inbox/modules/inbox-api/routers/audit.router.ts	AGENT-INBOX-INBOX-API	canonical module boundary plus sibling @spec/spec inventory; legacy @tasks TSK-106, TSK-117; Git history non-authoritative
services/agent-inbox/modules/inbox-api/routers/board.router.ts	AGENT-INBOX-INBOX-API	canonical module boundary plus sibling @spec/spec inventory; legacy @tasks TSK-106, IV-gitlab, IA-rest-sse; Git history non-authoritative
services/agent-inbox/modules/inbox-api/routers/boot.router.ts	AGENT-INBOX-INBOX-API	canonical module boundary plus sibling @spec/spec inventory; legacy @tasks IC-decision, IA-rest-sse; Git history non-authoritative
services/agent-inbox/modules/inbox-api/routers/decision.router.ts	AGENT-INBOX-INBOX-API	canonical module boundary plus sibling @spec/spec inventory; legacy @tasks IC-decision, IA-rest-sse; Git history non-authoritative
services/agent-inbox/modules/inbox-api/routers/diagnostics.router.ts	AGENT-INBOX-INBOX-API	canonical module boundary plus sibling @spec/spec inventory; legacy @tasks TSK-debug-log; Git history non-authoritative
services/agent-inbox/modules/inbox-api/routers/feed.router.ts	AGENT-INBOX-INBOX-API	canonical module boundary plus sibling @spec/spec inventory; legacy @tasks IA-rest-sse; Git history non-authoritative
services/agent-inbox/modules/inbox-api/routers/mr.router.ts	AGENT-INBOX-INBOX-API	canonical module boundary plus sibling @spec/spec inventory; legacy @tasks TSK-106, TSK-145; Git history non-authoritative
services/agent-inbox/modules/inbox-api/routers/role.router.ts	AGENT-INBOX-INBOX-API	canonical module boundary plus sibling @spec/spec inventory; legacy @tasks TSK-113; Git history non-authoritative
services/agent-inbox/modules/inbox-api/routers/state.router.ts	AGENT-INBOX-INBOX-API	canonical module boundary plus sibling @spec/spec inventory; legacy @tasks IA-rest-sse; Git history non-authoritative
services/agent-inbox/modules/inbox-api/routers/stream.router.ts	AGENT-INBOX-INBOX-API	canonical module boundary plus sibling @spec/spec inventory; legacy @tasks IA-rest-sse; Git history non-authoritative
services/agent-inbox/modules/inbox-api/routers/task.router.ts	AGENT-INBOX-INBOX-API	canonical module boundary plus sibling @spec/spec inventory; legacy @tasks IA-rest-sse; Git history non-authoritative
services/agent-inbox/modules/inbox-api/sse-hub.ts	AGENT-INBOX-INBOX-API	canonical module boundary plus sibling @spec/spec inventory; legacy @tasks TSK-129, IA-rest-sse; Git history non-authoritative
services/agent-inbox/modules/inbox-api/static-files.ts	AGENT-INBOX-INBOX-API	canonical module boundary plus sibling @spec/spec inventory; legacy @tasks TSK-106; Git history non-authoritative
services/agent-inbox/modules/inbox-api/types.ts	AGENT-INBOX-INBOX-API	canonical module boundary plus sibling @spec/spec inventory; legacy @tasks TSK-106, TSK-145, TSK-155; Git history non-authoritative
services/agent-inbox/modules/inbox-chat/__tests__/chat-gc.integration.test.ts	AGENT-INBOX-INBOX-CHAT	canonical module boundary plus sibling @spec/spec inventory; legacy @tasks TSK-128; Git history non-authoritative
services/agent-inbox/modules/inbox-chat/__tests__/chat-gc.test.ts	AGENT-INBOX-INBOX-CHAT	canonical module boundary plus sibling @spec/spec inventory; legacy @tasks TSK-128; Git history non-authoritative
services/agent-inbox/modules/inbox-chat/__tests__/chat-session.test.ts	AGENT-INBOX-INBOX-CHAT	canonical module boundary plus sibling @spec/spec inventory; legacy @tasks TSK-126, AI-fasttest, IO-runtime; Git history non-authoritative
services/agent-inbox/modules/inbox-chat/__tests__/chat-transcript.test.ts	AGENT-INBOX-INBOX-CHAT	canonical module boundary plus sibling @spec/spec inventory; legacy @tasks TSK-126; Git history non-authoritative
services/agent-inbox/modules/inbox-chat/__tests__/context-assembler.test.ts	AGENT-INBOX-INBOX-CHAT	canonical module boundary plus sibling @spec/spec inventory; legacy @tasks TSK-126, TSK-132; Git history non-authoritative
services/agent-inbox/modules/inbox-chat/__tests__/mutation-applier.test.ts	AGENT-INBOX-INBOX-CHAT	canonical module boundary plus sibling @spec/spec inventory; legacy @tasks TSK-127; Git history non-authoritative
services/agent-inbox/modules/inbox-chat/chat-gc.ts	AGENT-INBOX-INBOX-CHAT	canonical module boundary plus sibling @spec/spec inventory; legacy @tasks TSK-128; Git history non-authoritative
services/agent-inbox/modules/inbox-chat/chat-session.ts	AGENT-INBOX-INBOX-CHAT	canonical module boundary plus sibling @spec/spec inventory; legacy @tasks TSK-126, IO-session, IO-runtime; Git history non-authoritative
services/agent-inbox/modules/inbox-chat/chat-transcript.ts	AGENT-INBOX-INBOX-CHAT	canonical module boundary plus sibling @spec/spec inventory; legacy @tasks TSK-126; Git history non-authoritative
services/agent-inbox/modules/inbox-chat/context-assembler.ts	AGENT-INBOX-INBOX-CHAT	canonical module boundary plus sibling @spec/spec inventory; legacy @tasks TSK-126, TSK-132, TSK-131; Git history non-authoritative
services/agent-inbox/modules/inbox-chat/errors.ts	AGENT-INBOX-INBOX-CHAT	canonical module boundary plus sibling @spec/spec inventory; legacy @tasks TSK-126; Git history non-authoritative
services/agent-inbox/modules/inbox-chat/origin.ts	AGENT-INBOX-INBOX-CHAT	canonical module boundary plus sibling @spec/spec inventory; legacy @tasks TSK-132; Git history non-authoritative
services/agent-inbox/modules/inbox-chat/types.ts	AGENT-INBOX-INBOX-CHAT	canonical module boundary plus sibling @spec/spec inventory; legacy @tasks TSK-126, TSK-132; Git history non-authoritative
services/agent-inbox/modules/inbox-core/__tests__/audit-log.test.ts	AGENT-INBOX-INBOX-CORE	canonical module boundary plus sibling @spec/spec inventory; legacy @tasks TSK-109; Git history non-authoritative
services/agent-inbox/modules/inbox-core/__tests__/context-builder.test.ts	AGENT-INBOX-INBOX-CORE	canonical module boundary plus sibling @spec/spec inventory; legacy @tasks TSK-134; Git history non-authoritative
services/agent-inbox/modules/inbox-core/__tests__/finding-signature.test.ts	AGENT-INBOX-INBOX-CORE	canonical module boundary plus sibling @spec/spec inventory; legacy @tasks TSK-144; Git history non-authoritative
services/agent-inbox/modules/inbox-core/__tests__/inbox-config.test.ts	AGENT-INBOX-INBOX-CORE	canonical module boundary plus sibling @spec/spec inventory; legacy @tasks TSK-109; Git history non-authoritative
services/agent-inbox/modules/inbox-core/__tests__/inbox-registry.test.ts	AGENT-INBOX-INBOX-CORE	canonical module boundary plus sibling @spec/spec inventory; legacy @tasks TSK-109, IC-journal; Git history non-authoritative
services/agent-inbox/modules/inbox-core/__tests__/review-change-batch.test.ts	AGENT-INBOX-INBOX-CORE	canonical module boundary plus sibling @spec/spec inventory; legacy @tasks IC-state; Git history non-authoritative
services/agent-inbox/modules/inbox-core/__tests__/review-core-recovery.integration.test.ts	AGENT-INBOX-INBOX-CORE	canonical module boundary plus sibling @spec/spec inventory; legacy @tasks IC-state; Git history non-authoritative
services/agent-inbox/modules/inbox-core/__tests__/review-core.contract.test.ts	AGENT-INBOX-INBOX-CORE	canonical module boundary plus sibling @spec/spec inventory; legacy @tasks IC-state; Git history non-authoritative
services/agent-inbox/modules/inbox-core/__tests__/review-lifecycle.test.ts	AGENT-INBOX-INBOX-CORE	canonical module boundary plus sibling @spec/spec inventory; legacy @tasks IC-state; Git history non-authoritative
services/agent-inbox/modules/inbox-core/__tests__/review-runtime.integration.test.ts	AGENT-INBOX-INBOX-CORE	canonical module boundary plus sibling @spec/spec inventory; legacy @tasks IC-state; Git history non-authoritative
services/agent-inbox/modules/inbox-core/__tests__/runtime-profile.integration.test.ts	AGENT-INBOX-INBOX-CORE	canonical module boundary plus sibling @spec/spec inventory; legacy @tasks AI-roots; Git history non-authoritative
services/agent-inbox/modules/inbox-core/__tests__/runtime-profile.test.ts	AGENT-INBOX-INBOX-CORE	canonical module boundary plus sibling @spec/spec inventory; legacy @tasks AI-roots; Git history non-authoritative
services/agent-inbox/modules/inbox-core/__tests__/state-store.test.ts	AGENT-INBOX-INBOX-CORE	canonical module boundary plus sibling @spec/spec inventory; legacy @tasks TSK-109; Git history non-authoritative
services/agent-inbox/modules/inbox-core/__tests__/vcs-inbox.mock.test.ts	AGENT-INBOX-INBOX-CORE	canonical module boundary plus sibling @spec/spec inventory; legacy @tasks TSK-110; Git history non-authoritative
services/agent-inbox/modules/inbox-core/__tests__/vcs-inbox.port.test.ts	AGENT-INBOX-INBOX-CORE	canonical module boundary plus sibling @spec/spec inventory; legacy @tasks TSK-110; Git history non-authoritative
services/agent-inbox/modules/inbox-core/__tests__/vcs-inbox.real.blackbox.test.ts	AGENT-INBOX-INBOX-CORE	canonical module boundary plus sibling @spec/spec inventory; legacy @tasks TSK-110, IV-vcs-port; Git history non-authoritative
services/agent-inbox/modules/inbox-core/adapters/controlled-clock.ts	AGENT-INBOX-INBOX-CORE	canonical module boundary plus sibling @spec/spec inventory; legacy @tasks IC-state; Git history non-authoritative
services/agent-inbox/modules/inbox-core/adapters/in-memory-artifact-store.ts	AGENT-INBOX-INBOX-CORE	canonical module boundary plus sibling @spec/spec inventory; legacy @tasks IC-state; Git history non-authoritative
services/agent-inbox/modules/inbox-core/adapters/in-memory-journal.ts	AGENT-INBOX-INBOX-CORE	canonical module boundary plus sibling @spec/spec inventory; legacy @tasks IC-state; Git history non-authoritative
services/agent-inbox/modules/inbox-core/adapters/local-artifact-store.ts	AGENT-INBOX-INBOX-CORE	canonical module boundary plus sibling @spec/spec inventory; legacy @tasks IC-state; Git history non-authoritative
services/agent-inbox/modules/inbox-core/adapters/system-clock.ts	AGENT-INBOX-INBOX-CORE	canonical module boundary plus sibling @spec/spec inventory; legacy @tasks IC-state; Git history non-authoritative
services/agent-inbox/modules/inbox-core/audit-log.ts	AGENT-INBOX-INBOX-CORE	canonical module boundary plus sibling @spec/spec inventory; legacy @tasks TSK-109; Git history non-authoritative
services/agent-inbox/modules/inbox-core/context-builder.ts	AGENT-INBOX-INBOX-CORE	canonical module boundary plus sibling @spec/spec inventory; legacy @tasks TSK-134, TSK-113; Git history non-authoritative
services/agent-inbox/modules/inbox-core/dry-run.ts	AGENT-INBOX-INBOX-CORE	canonical module boundary plus sibling @spec/spec inventory; legacy @tasks TSK-131, IC-decision; Git history non-authoritative
services/agent-inbox/modules/inbox-core/errors.ts	AGENT-INBOX-INBOX-CORE	canonical module boundary plus sibling @spec/spec inventory; legacy @tasks TSK-109; Git history non-authoritative
services/agent-inbox/modules/inbox-core/finding-signature.ts	AGENT-INBOX-INBOX-CORE	canonical module boundary plus sibling @spec/spec inventory; legacy @tasks TSK-144; Git history non-authoritative
services/agent-inbox/modules/inbox-core/inbox-config.ts	AGENT-INBOX-INBOX-CORE	canonical module boundary plus sibling @spec/spec inventory; legacy @tasks TSK-109; Git history non-authoritative
services/agent-inbox/modules/inbox-core/ports/artifact-store.port.ts	AGENT-INBOX-INBOX-CORE	canonical module boundary plus sibling @spec/spec inventory; legacy @tasks IC-state; Git history non-authoritative
services/agent-inbox/modules/inbox-core/ports/clock.port.ts	AGENT-INBOX-INBOX-CORE	canonical module boundary plus sibling @spec/spec inventory; legacy @tasks IC-state; Git history non-authoritative
services/agent-inbox/modules/inbox-core/review-config.ts	AGENT-INBOX-INBOX-CORE	canonical module boundary plus sibling @spec/spec inventory; legacy @tasks IC-state; Git history non-authoritative
services/agent-inbox/modules/inbox-core/runtime-profile.port.ts	AGENT-INBOX-INBOX-CORE	canonical module boundary plus sibling @spec/spec inventory; legacy @tasks AI-roots; Git history non-authoritative
services/agent-inbox/modules/inbox-core/runtime-profile.ts	AGENT-INBOX-INBOX-CORE	canonical module boundary plus sibling @spec/spec inventory; legacy @tasks AI-roots; Git history non-authoritative
services/agent-inbox/modules/inbox-core/state-store.ts	AGENT-INBOX-INBOX-CORE	canonical module boundary plus sibling @spec/spec inventory; legacy @tasks TSK-109, IC-decision, AI-roots, IC-state; Git history non-authoritative
services/agent-inbox/modules/inbox-core/state/review-change-batch.ts	AGENT-INBOX-INBOX-CORE	canonical module boundary plus sibling @spec/spec inventory; legacy @tasks IC-state; Git history non-authoritative
services/agent-inbox/modules/inbox-core/state/review-lifecycle.ts	AGENT-INBOX-INBOX-CORE	canonical module boundary plus sibling @spec/spec inventory; legacy @tasks IC-state; Git history non-authoritative
services/agent-inbox/modules/inbox-core/state/review-participation.ts	AGENT-INBOX-INBOX-CORE	canonical module boundary plus sibling @spec/spec inventory; legacy @tasks IC-state; Git history non-authoritative
services/agent-inbox/modules/inbox-core/state/review-state.ts	AGENT-INBOX-INBOX-CORE	canonical module boundary plus sibling @spec/spec inventory; legacy @tasks IC-state; Git history non-authoritative
services/agent-inbox/modules/inbox-core/test-support/test-tmp.ts	AGENT-INBOX-INBOX-CORE	canonical module boundary plus sibling @spec/spec inventory; legacy @tasks TSK-125, AI-roots; Git history non-authoritative
services/agent-inbox/modules/inbox-core/types/review-event.type.ts	AGENT-INBOX-INBOX-CORE	canonical module boundary plus sibling @spec/spec inventory; legacy @tasks IC-state, IV-vcs-port; Git history non-authoritative
services/agent-inbox/modules/inbox-core/types/review-runtime-binding.type.ts	AGENT-INBOX-INBOX-CORE	canonical module boundary plus sibling @spec/spec inventory; legacy @tasks AI-roots; Git history non-authoritative
services/agent-inbox/modules/inbox-core/types/review-runtime-profile-spec.type.ts	AGENT-INBOX-INBOX-CORE	canonical module boundary plus sibling @spec/spec inventory; legacy @tasks AI-roots; Git history non-authoritative
services/agent-inbox/modules/inbox-core/types/review-runtime-roots.type.ts	AGENT-INBOX-INBOX-CORE	canonical module boundary plus sibling @spec/spec inventory; legacy @tasks AI-roots; Git history non-authoritative
services/agent-inbox/modules/inbox-core/vcs-inbox.mock.ts	AGENT-INBOX-INBOX-CORE	canonical module boundary plus sibling @spec/spec inventory; legacy @tasks TSK-110; Git history non-authoritative
services/agent-inbox/modules/inbox-core/vcs-inbox.port.ts	AGENT-INBOX-INBOX-CORE	canonical module boundary plus sibling @spec/spec inventory; legacy @tasks TSK-110; Git history non-authoritative
services/agent-inbox/modules/inbox-core/vcs-inbox.real.ts	AGENT-INBOX-INBOX-CORE	canonical module boundary plus sibling @spec/spec inventory; legacy @tasks TSK-110, IV-vcs-port; Git history non-authoritative
services/agent-inbox/modules/inbox-core/vcs-validators.ts	AGENT-INBOX-INBOX-CORE	canonical module boundary plus sibling @spec/spec inventory; legacy @tasks TSK-113, TSK-117; Git history non-authoritative
services/agent-inbox/modules/inbox-dashboard/__tests__/ActionPanel.test.tsx	AGENT-INBOX-INBOX-DASHBOARD	canonical module boundary plus sibling @spec/spec inventory; legacy @tasks TSK-107, TSK-146; Git history non-authoritative
services/agent-inbox/modules/inbox-dashboard/__tests__/ArtifactBrowser.test.tsx	AGENT-INBOX-INBOX-DASHBOARD	canonical module boundary plus sibling @spec/spec inventory; legacy @tasks TSK-107; Git history non-authoritative
services/agent-inbox/modules/inbox-dashboard/__tests__/AwaitingQueue.test.tsx	AGENT-INBOX-INBOX-DASHBOARD	canonical module boundary plus sibling @spec/spec inventory; legacy @tasks TSK-107; Git history non-authoritative
services/agent-inbox/modules/inbox-dashboard/__tests__/BoardPage.test.tsx	AGENT-INBOX-INBOX-DASHBOARD	canonical module boundary plus sibling @spec/spec inventory; legacy @tasks TSK-107; Git history non-authoritative
services/agent-inbox/modules/inbox-dashboard/__tests__/ChatPanel.test.tsx	AGENT-INBOX-INBOX-DASHBOARD	canonical module boundary plus sibling @spec/spec inventory; legacy @tasks TSK-130, TSK-132; Git history non-authoritative
services/agent-inbox/modules/inbox-dashboard/__tests__/MrCard.progress.test.tsx	AGENT-INBOX-INBOX-DASHBOARD	canonical module boundary plus sibling @spec/spec inventory; legacy @tasks TSK-155; Git history non-authoritative
services/agent-inbox/modules/inbox-dashboard/__tests__/RoleBlock.test.tsx	AGENT-INBOX-INBOX-DASHBOARD	canonical module boundary plus sibling @spec/spec inventory; legacy @tasks TSK-107; Git history non-authoritative
services/agent-inbox/modules/inbox-dashboard/__tests__/SelectionPill.test.tsx	AGENT-INBOX-INBOX-DASHBOARD	canonical module boundary plus sibling @spec/spec inventory; legacy @tasks TSK-130, TSK-132; Git history non-authoritative
services/agent-inbox/modules/inbox-dashboard/__tests__/chat-api-client.integration.test.ts	AGENT-INBOX-INBOX-DASHBOARD	canonical module boundary plus sibling @spec/spec inventory; legacy @tasks TSK-130, TSK-152, IA-rest-sse; Git history non-authoritative
services/agent-inbox/modules/inbox-dashboard/__tests__/dashboard-v2.contract.test.tsx	AGENT-INBOX-INBOX-DASHBOARD	canonical module boundary plus sibling @spec/spec inventory; legacy @tasks ID-spa; Git history non-authoritative
services/agent-inbox/modules/inbox-dashboard/__tests__/debug-log.test.ts	AGENT-INBOX-INBOX-DASHBOARD	canonical module boundary plus sibling @spec/spec inventory; legacy @tasks TSK-debug-log; Git history non-authoritative
services/agent-inbox/modules/inbox-dashboard/__tests__/test-setup.ts	AGENT-INBOX-INBOX-DASHBOARD	canonical module boundary plus sibling @spec/spec inventory; legacy @tasks TSK-107; Git history non-authoritative
services/agent-inbox/modules/inbox-dashboard/components/ActionPanel.tsx	AGENT-INBOX-INBOX-DASHBOARD	canonical module boundary plus sibling @spec/spec inventory; legacy @tasks TSK-107, TSK-146; Git history non-authoritative
services/agent-inbox/modules/inbox-dashboard/components/ArtifactBrowser.tsx	AGENT-INBOX-INBOX-DASHBOARD	canonical module boundary plus sibling @spec/spec inventory; legacy @tasks TSK-107, TSK-133; Git history non-authoritative
services/agent-inbox/modules/inbox-dashboard/components/ArtifactView.tsx	AGENT-INBOX-INBOX-DASHBOARD	canonical module boundary plus sibling @spec/spec inventory; legacy @tasks TSK-107; Git history non-authoritative
services/agent-inbox/modules/inbox-dashboard/components/AwaitingQueue.tsx	AGENT-INBOX-INBOX-DASHBOARD	canonical module boundary plus sibling @spec/spec inventory; legacy @tasks TSK-107; Git history non-authoritative
services/agent-inbox/modules/inbox-dashboard/components/BoardPage.tsx	AGENT-INBOX-INBOX-DASHBOARD	canonical module boundary plus sibling @spec/spec inventory; legacy @tasks TSK-107; Git history non-authoritative
services/agent-inbox/modules/inbox-dashboard/components/BoardSkeleton.tsx	AGENT-INBOX-INBOX-DASHBOARD	canonical module boundary plus sibling @spec/spec inventory; legacy @tasks TSK-107; Git history non-authoritative
services/agent-inbox/modules/inbox-dashboard/components/ChatComposer.tsx	AGENT-INBOX-INBOX-DASHBOARD	canonical module boundary plus sibling @spec/spec inventory; legacy @tasks TSK-130, TSK-132; Git history non-authoritative
services/agent-inbox/modules/inbox-dashboard/components/ChatPanel.tsx	AGENT-INBOX-INBOX-DASHBOARD	canonical module boundary plus sibling @spec/spec inventory; legacy @tasks TSK-130; Git history non-authoritative
services/agent-inbox/modules/inbox-dashboard/components/ChatThread.tsx	AGENT-INBOX-INBOX-DASHBOARD	canonical module boundary plus sibling @spec/spec inventory; legacy @tasks TSK-130; Git history non-authoritative
services/agent-inbox/modules/inbox-dashboard/components/DebugLogButton.tsx	AGENT-INBOX-INBOX-DASHBOARD	canonical module boundary plus sibling @spec/spec inventory; legacy @tasks TSK-debug-log; Git history non-authoritative
services/agent-inbox/modules/inbox-dashboard/components/Header.tsx	AGENT-INBOX-INBOX-DASHBOARD	canonical module boundary plus sibling @spec/spec inventory; legacy @tasks TSK-107; Git history non-authoritative
services/agent-inbox/modules/inbox-dashboard/components/KanbanLane.tsx	AGENT-INBOX-INBOX-DASHBOARD	canonical module boundary plus sibling @spec/spec inventory; legacy @tasks TSK-107; Git history non-authoritative
services/agent-inbox/modules/inbox-dashboard/components/MrCard.tsx	AGENT-INBOX-INBOX-DASHBOARD	canonical module boundary plus sibling @spec/spec inventory; legacy @tasks TSK-107, TSK-155; Git history non-authoritative
services/agent-inbox/modules/inbox-dashboard/components/MrDetailPage.tsx	AGENT-INBOX-INBOX-DASHBOARD	canonical module boundary plus sibling @spec/spec inventory; legacy @tasks TSK-107, TSK-130, TSK-132; Git history non-authoritative
services/agent-inbox/modules/inbox-dashboard/components/MutationProposalCard.tsx	AGENT-INBOX-INBOX-DASHBOARD	canonical module boundary plus sibling @spec/spec inventory; legacy @tasks TSK-130; Git history non-authoritative
services/agent-inbox/modules/inbox-dashboard/components/RoleBlock.tsx	AGENT-INBOX-INBOX-DASHBOARD	canonical module boundary plus sibling @spec/spec inventory; legacy @tasks TSK-107; Git history non-authoritative
services/agent-inbox/modules/inbox-dashboard/components/SelectionPill.tsx	AGENT-INBOX-INBOX-DASHBOARD	canonical module boundary plus sibling @spec/spec inventory; legacy @tasks TSK-130, TSK-132; Git history non-authoritative
services/agent-inbox/modules/inbox-dashboard/components/UnassignedBlock.tsx	AGENT-INBOX-INBOX-DASHBOARD	canonical module boundary plus sibling @spec/spec inventory; legacy @tasks TSK-107; Git history non-authoritative
services/agent-inbox/modules/inbox-dashboard/components/ViewSwitch.tsx	AGENT-INBOX-INBOX-DASHBOARD	canonical module boundary plus sibling @spec/spec inventory; legacy @tasks TSK-130; Git history non-authoritative
services/agent-inbox/modules/inbox-dashboard/dashboard-entry.tsx	AGENT-INBOX-INBOX-DASHBOARD	canonical module boundary plus sibling @spec/spec inventory; legacy @tasks TSK-107 ID-design; Git history non-authoritative
services/agent-inbox/modules/inbox-dashboard/dashboard-v2-api.ts	AGENT-INBOX-INBOX-DASHBOARD	canonical module boundary plus sibling @spec/spec inventory; legacy @tasks ID-spa; Git history non-authoritative
services/agent-inbox/modules/inbox-dashboard/lib/utils.ts	AGENT-INBOX-INBOX-DASHBOARD	canonical module boundary plus sibling @spec/spec inventory; legacy @tasks TSK-107; Git history non-authoritative
services/agent-inbox/modules/inbox-dashboard/services/api-client.ts	AGENT-INBOX-INBOX-DASHBOARD	canonical module boundary plus sibling @spec/spec inventory; legacy @tasks TSK-107, TSK-146; Git history non-authoritative
services/agent-inbox/modules/inbox-dashboard/services/board-store.tsx	AGENT-INBOX-INBOX-DASHBOARD	canonical module boundary plus sibling @spec/spec inventory; legacy @tasks TSK-107; Git history non-authoritative
services/agent-inbox/modules/inbox-dashboard/services/chat-api-client.ts	AGENT-INBOX-INBOX-DASHBOARD	canonical module boundary plus sibling @spec/spec inventory; legacy @tasks TSK-130; Git history non-authoritative
services/agent-inbox/modules/inbox-dashboard/services/debug-log.ts	AGENT-INBOX-INBOX-DASHBOARD	canonical module boundary plus sibling @spec/spec inventory; legacy @tasks TSK-debug-log; Git history non-authoritative
services/agent-inbox/modules/inbox-dashboard/v2-types.ts	AGENT-INBOX-INBOX-DASHBOARD	canonical module boundary plus sibling @spec/spec inventory; legacy @tasks ID-spa; Git history non-authoritative
services/agent-inbox/modules/inbox-dashboard/vite.config.ts	AGENT-INBOX-INBOX-DASHBOARD	canonical module boundary plus sibling @spec/spec inventory; legacy @tasks TSK-107, TSK-122; Git history non-authoritative
services/agent-inbox/modules/inbox-eval/__tests__/diff-hunk.test.ts	AGENT-INBOX-INBOX-EVAL	canonical module boundary plus sibling @spec/spec inventory; legacy @tasks TSK-118; Git history non-authoritative
services/agent-inbox/modules/inbox-eval/__tests__/eval-report.test.ts	AGENT-INBOX-INBOX-EVAL	canonical module boundary plus sibling @spec/spec inventory; legacy @tasks TSK-118; Git history non-authoritative
services/agent-inbox/modules/inbox-eval/__tests__/gates.test.ts	AGENT-INBOX-INBOX-EVAL	canonical module boundary plus sibling @spec/spec inventory; legacy @tasks TSK-118; Git history non-authoritative
services/agent-inbox/modules/inbox-eval/diff-hunk.ts	AGENT-INBOX-INBOX-EVAL	canonical module boundary plus sibling @spec/spec inventory; legacy @tasks TSK-118; Git history non-authoritative
services/agent-inbox/modules/inbox-eval/eval-driver.ts	AGENT-INBOX-INBOX-EVAL	canonical module boundary plus sibling @spec/spec inventory; legacy @tasks TSK-119, TSK-122; Git history non-authoritative
services/agent-inbox/modules/inbox-eval/eval-report.ts	AGENT-INBOX-INBOX-EVAL	canonical module boundary plus sibling @spec/spec inventory; legacy @tasks TSK-118; Git history non-authoritative
services/agent-inbox/modules/inbox-eval/gates.ts	AGENT-INBOX-INBOX-EVAL	canonical module boundary plus sibling @spec/spec inventory; legacy @tasks TSK-118; Git history non-authoritative
services/agent-inbox/modules/inbox-eval/runs/autonomy.run.ts	AGENT-INBOX-INBOX-EVAL	canonical module boundary plus sibling @spec/spec inventory; legacy @tasks IE-harness; Git history non-authoritative
services/agent-inbox/modules/inbox-eval/runs/boot.run.ts	AGENT-INBOX-INBOX-EVAL	canonical module boundary plus sibling @spec/spec inventory; legacy @tasks IE-harness; Git history non-authoritative
services/agent-inbox/modules/inbox-eval/runs/chat.run.ts	AGENT-INBOX-INBOX-EVAL	canonical module boundary plus sibling @spec/spec inventory; legacy @tasks IE-harness; Git history non-authoritative
services/agent-inbox/modules/inbox-eval/runs/context.ts	AGENT-INBOX-INBOX-EVAL	canonical module boundary plus sibling @spec/spec inventory; legacy @tasks IE-harness; Git history non-authoritative
services/agent-inbox/modules/inbox-eval/runs/coverage-gate.run.ts	AGENT-INBOX-INBOX-EVAL	canonical module boundary plus sibling @spec/spec inventory; legacy @tasks IE-harness; Git history non-authoritative
services/agent-inbox/modules/inbox-eval/runs/crash-recovery.run.ts	AGENT-INBOX-INBOX-EVAL	canonical module boundary plus sibling @spec/spec inventory; legacy @tasks IE-harness; Git history non-authoritative
services/agent-inbox/modules/inbox-eval/runs/effects.run.ts	AGENT-INBOX-INBOX-EVAL	canonical module boundary plus sibling @spec/spec inventory; legacy @tasks IE-harness; Git history non-authoritative
services/agent-inbox/modules/inbox-eval/runs/events.run.ts	AGENT-INBOX-INBOX-EVAL	canonical module boundary plus sibling @spec/spec inventory; legacy @tasks IE-harness; Git history non-authoritative
services/agent-inbox/modules/inbox-eval/runs/index.ts	AGENT-INBOX-INBOX-EVAL	canonical module boundary plus sibling @spec/spec inventory; legacy @tasks IE-harness; Git history non-authoritative
services/agent-inbox/modules/inbox-eval/runs/parallel.run.ts	AGENT-INBOX-INBOX-EVAL	canonical module boundary plus sibling @spec/spec inventory; legacy @tasks IE-harness; Git history non-authoritative
services/agent-inbox/modules/inbox-eval/runs/pipeline.run.ts	AGENT-INBOX-INBOX-EVAL	canonical module boundary plus sibling @spec/spec inventory; legacy @tasks IE-harness; Git history non-authoritative
services/agent-inbox/modules/inbox-eval/runs/role-pickup.run.ts	AGENT-INBOX-INBOX-EVAL	canonical module boundary plus sibling @spec/spec inventory; legacy @tasks IE-harness; Git history non-authoritative
services/agent-inbox/modules/inbox-mocks/__tests__/board.mock.test.ts	AGENT-INBOX-INBOX-MOCKS	canonical module boundary plus sibling @spec/spec inventory; legacy @tasks TSK-105; Git history non-authoritative
services/agent-inbox/modules/inbox-mocks/__tests__/mr.mock.test.ts	AGENT-INBOX-INBOX-MOCKS	canonical module boundary plus sibling @spec/spec inventory; legacy @tasks TSK-105; Git history non-authoritative
services/agent-inbox/modules/inbox-mocks/__tests__/opencode.mock.test.ts	AGENT-INBOX-INBOX-MOCKS	canonical module boundary plus sibling @spec/spec inventory; legacy @tasks TSK-105; Git history non-authoritative
services/agent-inbox/modules/inbox-mocks/board.mock.ts	AGENT-INBOX-INBOX-MOCKS	canonical module boundary plus sibling @spec/spec inventory; legacy @tasks TSK-105; Git history non-authoritative
services/agent-inbox/modules/inbox-mocks/index.ts	AGENT-INBOX-INBOX-MOCKS	canonical module boundary plus sibling @spec/spec inventory; legacy @tasks TSK-105; Git history non-authoritative
services/agent-inbox/modules/inbox-mocks/mr.mock.ts	AGENT-INBOX-INBOX-MOCKS	canonical module boundary plus sibling @spec/spec inventory; legacy @tasks TSK-105; Git history non-authoritative
services/agent-inbox/modules/inbox-mocks/opencode.mock.ts	AGENT-INBOX-INBOX-MOCKS	canonical module boundary plus sibling @spec/spec inventory; legacy @tasks TSK-105; Git history non-authoritative
services/agent-inbox/modules/inbox-opencode/__tests__/agent-runtime.contract.test.ts	AGENT-INBOX-INBOX-OPENCODE	canonical module boundary plus sibling @spec/spec inventory; legacy @tasks IO-runtime; Git history non-authoritative
services/agent-inbox/modules/inbox-opencode/__tests__/agent-runtime.integration.test.ts	AGENT-INBOX-INBOX-OPENCODE	canonical module boundary plus sibling @spec/spec inventory; legacy @tasks IO-runtime; Git history non-authoritative
services/agent-inbox/modules/inbox-opencode/__tests__/opencode.mock.test.ts	AGENT-INBOX-INBOX-OPENCODE	canonical module boundary plus sibling @spec/spec inventory; legacy @tasks TSK-111; Git history non-authoritative
services/agent-inbox/modules/inbox-opencode/__tests__/opencode.real.blackbox.test.ts	AGENT-INBOX-INBOX-OPENCODE	canonical module boundary plus sibling @spec/spec inventory; headerless inventory row; Git history non-authoritative
services/agent-inbox/modules/inbox-opencode/__tests__/opencode.real.test.ts	AGENT-INBOX-INBOX-OPENCODE	canonical module boundary plus sibling @spec/spec inventory; legacy @tasks TSK-112; Git history non-authoritative
services/agent-inbox/modules/inbox-opencode/__tests__/schema-registry.test.ts	AGENT-INBOX-INBOX-OPENCODE	canonical module boundary plus sibling @spec/spec inventory; legacy @tasks TSK-111; Git history non-authoritative
services/agent-inbox/modules/inbox-opencode/__tests__/session-routing.integration.test.ts	AGENT-INBOX-INBOX-OPENCODE	canonical module boundary plus sibling @spec/spec inventory; legacy @tasks IO-runtime; Git history non-authoritative
services/agent-inbox/modules/inbox-opencode/__tests__/session-routing.test.ts	AGENT-INBOX-INBOX-OPENCODE	canonical module boundary plus sibling @spec/spec inventory; legacy @tasks IO-runtime; Git history non-authoritative
services/agent-inbox/modules/inbox-opencode/agent-coverage-trace.ts	AGENT-INBOX-INBOX-OPENCODE	canonical module boundary plus sibling @spec/spec inventory; legacy @tasks IO-runtime; Git history non-authoritative
services/agent-inbox/modules/inbox-opencode/agent-outcome-classifier.ts	AGENT-INBOX-INBOX-OPENCODE	canonical module boundary plus sibling @spec/spec inventory; legacy @tasks IO-session, IO-runtime; Git history non-authoritative
services/agent-inbox/modules/inbox-opencode/errors.ts	AGENT-INBOX-INBOX-OPENCODE	canonical module boundary plus sibling @spec/spec inventory; legacy @tasks TSK-111, IO-runtime; Git history non-authoritative
services/agent-inbox/modules/inbox-opencode/opencode.mock.ts	AGENT-INBOX-INBOX-OPENCODE	canonical module boundary plus sibling @spec/spec inventory; legacy @tasks TSK-111, IO-session, IO-runtime; Git history non-authoritative
services/agent-inbox/modules/inbox-opencode/opencode.port.ts	AGENT-INBOX-INBOX-OPENCODE	canonical module boundary plus sibling @spec/spec inventory; legacy @tasks TSK-111, IO-session, IO-runtime; Git history non-authoritative
services/agent-inbox/modules/inbox-opencode/schema-registry.ts	AGENT-INBOX-INBOX-OPENCODE	canonical module boundary plus sibling @spec/spec inventory; legacy @tasks TSK-111, IO-runtime; Git history non-authoritative
services/agent-inbox/modules/inbox-pipeline/__tests__/gate-verdict.test.ts	AGENT-INBOX-INBOX-PIPELINE	canonical module boundary plus sibling @spec/spec inventory; legacy @tasks IP-review; Git history non-authoritative
services/agent-inbox/modules/inbox-queue/adapters/local-task-executor.adapter.ts	AGENT-INBOX-INBOX-QUEUE	canonical module boundary plus sibling @spec/spec inventory; legacy @tasks IQ-actions; Git history non-authoritative
services/agent-inbox/modules/inbox-queue/automation/review-automation-policy.ts	AGENT-INBOX-INBOX-QUEUE	canonical module boundary plus sibling @spec/spec inventory; legacy @tasks IQ-actions; Git history non-authoritative
services/agent-inbox/modules/inbox-queue/effects/review-effect-coordinator.ts	AGENT-INBOX-INBOX-QUEUE	canonical module boundary plus sibling @spec/spec inventory; legacy @tasks IQ-actions; Git history non-authoritative
services/agent-inbox/modules/inbox-queue/model/review-action-package.ts	AGENT-INBOX-INBOX-QUEUE	canonical module boundary plus sibling @spec/spec inventory; legacy @tasks IQ-actions; Git history non-authoritative
services/agent-inbox/modules/inbox-queue/model/review-decision.ts	AGENT-INBOX-INBOX-QUEUE	canonical module boundary plus sibling @spec/spec inventory; legacy @tasks IQ-actions; Git history non-authoritative
services/agent-inbox/modules/inbox-queue/model/review-effect-queue.ts	AGENT-INBOX-INBOX-QUEUE	canonical module boundary plus sibling @spec/spec inventory; legacy @tasks IQ-actions; Git history non-authoritative
services/agent-inbox/modules/inbox-queue/model/review-outcome.ts	AGENT-INBOX-INBOX-QUEUE	canonical module boundary plus sibling @spec/spec inventory; legacy @tasks IQ-actions; Git history non-authoritative
services/agent-inbox/modules/inbox-queue/model/review-proposal.ts	AGENT-INBOX-INBOX-QUEUE	canonical module boundary plus sibling @spec/spec inventory; legacy @tasks IQ-actions; Git history non-authoritative
services/agent-inbox/modules/inbox-queue/model/review-task.ts	AGENT-INBOX-INBOX-QUEUE	canonical module boundary plus sibling @spec/spec inventory; legacy @tasks IQ-actions; Git history non-authoritative
services/agent-inbox/modules/inbox-queue/ports/task-executor.port.ts	AGENT-INBOX-INBOX-QUEUE	canonical module boundary plus sibling @spec/spec inventory; legacy @tasks IQ-actions; Git history non-authoritative
services/agent-inbox/modules/inbox-queue/registry/review-action-catalog.ts	AGENT-INBOX-INBOX-QUEUE	canonical module boundary plus sibling @spec/spec inventory; legacy @tasks IQ-actions; Git history non-authoritative
services/agent-inbox/modules/inbox-queue/registry/review-task-registry.ts	AGENT-INBOX-INBOX-QUEUE	canonical module boundary plus sibling @spec/spec inventory; legacy @tasks IQ-actions; Git history non-authoritative
services/agent-inbox/modules/inbox-queue/types/review-effect.type.ts	AGENT-INBOX-INBOX-QUEUE	canonical module boundary plus sibling @spec/spec inventory; legacy @tasks IQ-actions; Git history non-authoritative
services/agent-inbox/modules/inbox-queue/types/review-guarded-intent.type.ts	AGENT-INBOX-INBOX-QUEUE	canonical module boundary plus sibling @spec/spec inventory; legacy @tasks IQ-actions; Git history non-authoritative
services/agent-inbox/modules/inbox-roles/__tests__/artifact-recovery.test.ts	AGENT-INBOX-INBOX-PIPELINE	manual responsibility: role orchestration belongs to inbox-pipeline; legacy @tasks TSK-140; Git history non-authoritative
services/agent-inbox/modules/inbox-roles/__tests__/artifact-validator.test.ts	AGENT-INBOX-INBOX-PIPELINE	manual responsibility: role orchestration belongs to inbox-pipeline; legacy @tasks TSK-113, TSK-137; Git history non-authoritative
services/agent-inbox/modules/inbox-roles/__tests__/assignment-persistence.test.ts	AGENT-INBOX-INBOX-PIPELINE	manual responsibility: role orchestration belongs to inbox-pipeline; legacy @tasks IC-journal; Git history non-authoritative
services/agent-inbox/modules/inbox-roles/__tests__/author-progress.test.ts	AGENT-INBOX-INBOX-PIPELINE	manual responsibility: role orchestration belongs to inbox-pipeline; headerless inventory row; Git history non-authoritative
services/agent-inbox/modules/inbox-roles/__tests__/author.role.test.ts	AGENT-INBOX-INBOX-PIPELINE	manual responsibility: role orchestration belongs to inbox-pipeline; legacy @tasks TSK-113; Git history non-authoritative
services/agent-inbox/modules/inbox-roles/__tests__/context-builder.test.ts	AGENT-INBOX-INBOX-PIPELINE	manual responsibility: role orchestration belongs to inbox-pipeline; legacy @tasks TSK-121; Git history non-authoritative
services/agent-inbox/modules/inbox-roles/__tests__/effect-executor.reply-position.test.ts	AGENT-INBOX-INBOX-PIPELINE	manual responsibility: role orchestration belongs to inbox-pipeline; headerless inventory row; Git history non-authoritative
services/agent-inbox/modules/inbox-roles/__tests__/effect-executor.test.ts	AGENT-INBOX-INBOX-PIPELINE	manual responsibility: role orchestration belongs to inbox-pipeline; legacy @tasks TSK-113; Git history non-authoritative
services/agent-inbox/modules/inbox-roles/__tests__/mr-watch.test.ts	AGENT-INBOX-INBOX-PIPELINE	manual responsibility: role orchestration belongs to inbox-pipeline; legacy @tasks TSK-141; Git history non-authoritative
services/agent-inbox/modules/inbox-roles/__tests__/outcome-classifier.test.ts	AGENT-INBOX-INBOX-PIPELINE	manual responsibility: role orchestration belongs to inbox-pipeline; legacy @tasks TSK-113; Git history non-authoritative
services/agent-inbox/modules/inbox-roles/__tests__/phase-telemetry.test.ts	AGENT-INBOX-INBOX-PIPELINE	manual responsibility: role orchestration belongs to inbox-pipeline; legacy @tasks TSK-perf, TSK-153; Git history non-authoritative
services/agent-inbox/modules/inbox-roles/__tests__/review-progress.test.ts	AGENT-INBOX-INBOX-PIPELINE	manual responsibility: role orchestration belongs to inbox-pipeline; legacy @tasks TSK-155; Git history non-authoritative
services/agent-inbox/modules/inbox-roles/__tests__/reviewer-disk-artifact.test.ts	AGENT-INBOX-INBOX-PIPELINE	manual responsibility: role orchestration belongs to inbox-pipeline; legacy @tasks TSK-127, TSK-141, TSK-153; Git history non-authoritative
services/agent-inbox/modules/inbox-roles/__tests__/reviewer.role.test.ts	AGENT-INBOX-INBOX-PIPELINE	manual responsibility: role orchestration belongs to inbox-pipeline; legacy @tasks TSK-113; Git history non-authoritative
services/agent-inbox/modules/inbox-roles/__tests__/rights-escalator.test.ts	AGENT-INBOX-INBOX-PIPELINE	manual responsibility: role orchestration belongs to inbox-pipeline; legacy @tasks TSK-113; Git history non-authoritative
services/agent-inbox/modules/inbox-roles/__tests__/role-engine.test.ts	AGENT-INBOX-INBOX-PIPELINE	manual responsibility: role orchestration belongs to inbox-pipeline; legacy @tasks TSK-113; Git history non-authoritative
services/agent-inbox/modules/inbox-roles/__tests__/role-instance.test.ts	AGENT-INBOX-INBOX-PIPELINE	manual responsibility: role orchestration belongs to inbox-pipeline; legacy @tasks TSK-113, TSK-124, TSK-143; Git history non-authoritative
services/agent-inbox/modules/inbox-roles/__tests__/role-scheduler.observation.test.ts	AGENT-INBOX-INBOX-PIPELINE	manual responsibility: role orchestration belongs to inbox-pipeline; legacy @tasks TSK-141, D-138, TSK-148; Git history non-authoritative
services/agent-inbox/modules/inbox-roles/__tests__/thread-signal-classifier.test.ts	AGENT-INBOX-INBOX-PIPELINE	manual responsibility: role orchestration belongs to inbox-pipeline; legacy @tasks TSK-142; Git history non-authoritative
services/agent-inbox/modules/inbox-roles/artifact-recovery.ts	AGENT-INBOX-INBOX-PIPELINE	manual responsibility: role orchestration belongs to inbox-pipeline; legacy @tasks TSK-140; Git history non-authoritative
services/agent-inbox/modules/inbox-roles/artifact-validator.ts	AGENT-INBOX-INBOX-PIPELINE	manual responsibility: role orchestration belongs to inbox-pipeline; legacy @tasks TSK-113, TSK-137; Git history non-authoritative
services/agent-inbox/modules/inbox-roles/author.role.ts	AGENT-INBOX-INBOX-PIPELINE	manual responsibility: role orchestration belongs to inbox-pipeline; legacy @tasks TSK-113; Git history non-authoritative
services/agent-inbox/modules/inbox-roles/context-builder.ts	AGENT-INBOX-INBOX-PIPELINE	manual responsibility: role orchestration belongs to inbox-pipeline; legacy @tasks TSK-121, TSK-122; Git history non-authoritative
services/agent-inbox/modules/inbox-roles/disk-artifact.ts	AGENT-INBOX-INBOX-PIPELINE	manual responsibility: role orchestration belongs to inbox-pipeline; legacy @tasks TSK-127; Git history non-authoritative
services/agent-inbox/modules/inbox-roles/effect-executor.ts	AGENT-INBOX-INBOX-PIPELINE	manual responsibility: role orchestration belongs to inbox-pipeline; legacy @tasks TSK-113, TSK-121; Git history non-authoritative
services/agent-inbox/modules/inbox-roles/errors.ts	AGENT-INBOX-INBOX-PIPELINE	manual responsibility: role orchestration belongs to inbox-pipeline; legacy @tasks TSK-113; Git history non-authoritative
services/agent-inbox/modules/inbox-roles/mr-watch.ts	AGENT-INBOX-INBOX-PIPELINE	manual responsibility: role orchestration belongs to inbox-pipeline; legacy @tasks TSK-141; Git history non-authoritative
services/agent-inbox/modules/inbox-roles/outcome-classifier.ts	AGENT-INBOX-INBOX-PIPELINE	manual responsibility: role orchestration belongs to inbox-pipeline; legacy @tasks TSK-113, IO-runtime; Git history non-authoritative
services/agent-inbox/modules/inbox-roles/phase-telemetry.ts	AGENT-INBOX-INBOX-PIPELINE	manual responsibility: role orchestration belongs to inbox-pipeline; legacy @tasks TSK-perf, TSK-153; Git history non-authoritative
services/agent-inbox/modules/inbox-roles/review-progress.ts	AGENT-INBOX-INBOX-PIPELINE	manual responsibility: role orchestration belongs to inbox-pipeline; legacy @tasks TSK-155; Git history non-authoritative
services/agent-inbox/modules/inbox-roles/reviewer.role.ts	AGENT-INBOX-INBOX-PIPELINE	manual responsibility: role orchestration belongs to inbox-pipeline; legacy @tasks TSK-113, TSK-121, TSK-122, TSK-127; Git history non-authoritative
services/agent-inbox/modules/inbox-roles/rights-escalator.ts	AGENT-INBOX-INBOX-PIPELINE	manual responsibility: role orchestration belongs to inbox-pipeline; legacy @tasks TSK-113; Git history non-authoritative
services/agent-inbox/modules/inbox-roles/role-engine.ts	AGENT-INBOX-INBOX-PIPELINE	manual responsibility: role orchestration belongs to inbox-pipeline; legacy @tasks TSK-113; Git history non-authoritative
services/agent-inbox/modules/inbox-roles/role-instance.ts	AGENT-INBOX-INBOX-PIPELINE	manual responsibility: role orchestration belongs to inbox-pipeline; legacy @tasks TSK-113, TSK-121, TSK-124, TSK-141, TSK-142, TSK-143, IO-session, IO-runtime; Git history non-authoritative
services/agent-inbox/modules/inbox-roles/role-node.ts	AGENT-INBOX-INBOX-PIPELINE	manual responsibility: role orchestration belongs to inbox-pipeline; legacy @tasks TSK-113, TSK-121; Git history non-authoritative
services/agent-inbox/modules/inbox-roles/thread-signal-classifier.ts	AGENT-INBOX-INBOX-PIPELINE	manual responsibility: role orchestration belongs to inbox-pipeline; legacy @tasks TSK-142; Git history non-authoritative
services/agent-inbox/modules/inbox-serve/dev-seed.ts	AGENT-INBOX	manual responsibility: serve composition belongs to agent-inbox scope; legacy @tasks TSK-105; Git history non-authoritative
services/agent-inbox/modules/inbox-serve/inbox-serve.ts	AGENT-INBOX	manual responsibility: serve composition belongs to agent-inbox scope; legacy @tasks TSK-107; Git history non-authoritative
services/agent-inbox/modules/inbox-vcs/__tests__/vcs-effects.integration.test.ts	AGENT-INBOX-INBOX-VCS	canonical module boundary plus sibling @spec/spec inventory; legacy @tasks IV-vcs-port; Git history non-authoritative
services/agent-inbox/modules/inbox-vcs/__tests__/vcs-effects.real-integration.test.ts	AGENT-INBOX-INBOX-VCS	canonical module boundary plus sibling @spec/spec inventory; legacy @tasks IV-vcs-port; Git history non-authoritative
services/agent-inbox/modules/inbox-vcs/__tests__/vcs-permission.contract.test.ts	AGENT-INBOX-INBOX-VCS	canonical module boundary plus sibling @spec/spec inventory; legacy @tasks IV-vcs-port; Git history non-authoritative
services/agent-inbox/modules/inbox-vcs/__tests__/vcs-port.contract.test.ts	AGENT-INBOX-INBOX-VCS	canonical module boundary plus sibling @spec/spec inventory; legacy @tasks IV-vcs-port; Git history non-authoritative
services/agent-inbox/modules/inbox-vcs/__tests__/vcs-sync.integration.test.ts	AGENT-INBOX-INBOX-VCS	canonical module boundary plus sibling @spec/spec inventory; legacy @tasks IV-vcs-port; Git history non-authoritative
services/agent-inbox/modules/inbox-vcs/__tests__/vcs-test-context.ts	AGENT-INBOX-INBOX-VCS	canonical module boundary plus sibling @spec/spec inventory; legacy @tasks IV-vcs-port; Git history non-authoritative
services/agent-inbox/modules/inbox-vcs/event-normalizer.ts	AGENT-INBOX-INBOX-VCS	canonical module boundary plus sibling @spec/spec inventory; legacy @tasks IV-vcs-port; Git history non-authoritative
services/agent-inbox/modules/inbox-vcs/permission-policy.ts	AGENT-INBOX-INBOX-VCS	canonical module boundary plus sibling @spec/spec inventory; legacy @tasks IV-vcs-port; Git history non-authoritative
services/agent-inbox/modules/inbox-vcs/readonly-effect.guard.ts	AGENT-INBOX-INBOX-VCS	canonical module boundary plus sibling @spec/spec inventory; legacy @tasks IV-vcs-port; Git history non-authoritative
services/agent-inbox/modules/inbox-vcs/reconciler.ts	AGENT-INBOX-INBOX-VCS	canonical module boundary plus sibling @spec/spec inventory; legacy @tasks IV-vcs-port; Git history non-authoritative
services/agent-inbox/modules/inbox-vcs/sync-coordinator.ts	AGENT-INBOX-INBOX-VCS	canonical module boundary plus sibling @spec/spec inventory; legacy @tasks IV-vcs-port; Git history non-authoritative
services/agent-inbox/modules/inbox-vcs/vcs-gitlab.port.ts	AGENT-INBOX-INBOX-VCS	canonical module boundary plus sibling @spec/spec inventory; legacy @tasks IV-gitlab, IV-vcs-port; Git history non-authoritative
services/agent-inbox/modules/inbox-vcs/vcs-runtime.ts	AGENT-INBOX-INBOX-VCS	canonical module boundary plus sibling @spec/spec inventory; legacy @tasks IV-vcs-port; Git history non-authoritative
services/agent-inbox/serve/__tests__/bootstrap.test.ts	AGENT-INBOX	manual responsibility: agent-inbox composition/test surface; legacy @tasks TSK-115, AI-fasttest, AI-roots; Git history non-authoritative
services/agent-inbox/serve/__tests__/shutdown.test.ts	AGENT-INBOX	manual responsibility: agent-inbox composition/test surface; legacy @tasks TSK-115; Git history non-authoritative
services/agent-inbox/serve/__tests__/state-seed.test.ts	AGENT-INBOX	manual responsibility: agent-inbox composition/test surface; legacy @tasks TSK-121; Git history non-authoritative
services/agent-inbox/serve/pid-utils.ts	AGENT-INBOX	manual responsibility: agent-inbox composition/test surface; legacy @tasks TSK-115, TSK-117; Git history non-authoritative
services/agent-inbox/serve/run-mode.ts	AGENT-INBOX	manual responsibility: agent-inbox composition/test surface; legacy @tasks TSK-121, TSK-122; Git history non-authoritative
services/agent-inbox/serve/shutdown.ts	AGENT-INBOX	manual responsibility: agent-inbox composition/test surface; legacy @tasks TSK-115, TSK-117, IA-health; Git history non-authoritative
services/agent-inbox/serve/state-seed.ts	AGENT-INBOX	manual responsibility: agent-inbox composition/test surface; legacy @tasks TSK-121; Git history non-authoritative
services/ai-kit/__tests__/compile.test.ts	SHARED	manual responsibility: shared service infrastructure; legacy @tasks TSK-116, TSK-136; Git history non-authoritative
services/ai-kit/__tests__/selector.snapshot.test.ts	SHARED	manual responsibility: shared service infrastructure; legacy @tasks TSK-136; Git history non-authoritative
services/ai-kit/__tests__/selector.test.ts	SHARED	manual responsibility: shared service infrastructure; legacy @tasks TSK-136; Git history non-authoritative
services/ai-kit/compile.ts	SHARED	manual responsibility: shared service infrastructure; legacy @tasks TSK-116, TSK-136; Git history non-authoritative
services/ai-kit/node-map.ts	SHARED	manual responsibility: shared service infrastructure; legacy @tasks TSK-116, TSK-113, TSK-136; Git history non-authoritative
services/ai-kit/selector.ts	SHARED	manual responsibility: shared service infrastructure; legacy @tasks TSK-136; Git history non-authoritative
services/config/__tests__/config-loader.test.ts	SHARED	manual responsibility: shared service infrastructure; legacy @tasks TSK-95; Git history non-authoritative
services/config/config-loader.ts	SHARED	manual responsibility: shared service infrastructure; legacy @tasks TSK-95; Git history non-authoritative
services/dbc/linter/implementations/ts/__tests__/dbc-ts-ast-adapter.test.ts	DBC-DBC-LINTER	canonical linter boundary plus sibling @spec/spec inventory; legacy @tasks DL-ast; Git history non-authoritative
services/dbc/linter/implementations/ts/__tests__/dbc-ts-linter.prettier-idempotency.test.ts	DBC-DBC-LINTER	canonical linter boundary plus sibling @spec/spec inventory; headerless inventory row; Git history non-authoritative
services/dbc/linter/implementations/ts/__tests__/dbc-ts-linter.test.ts	DBC-DBC-LINTER	canonical linter boundary plus sibling @spec/spec inventory; legacy @tasks DL-fixtures, DL-content, DL-tags, DL-redund; Git history non-authoritative
services/dbc/linter/implementations/ts/__tests__/fixtures/autofix-combined/all-fixable.ts	DBC-DBC-LINTER	canonical linter boundary plus sibling @spec/spec inventory; headerless inventory row; Git history non-authoritative
services/dbc/linter/implementations/ts/__tests__/fixtures/autofix-combined/bracket-mismatch.ts	DBC-DBC-LINTER	canonical linter boundary plus sibling @spec/spec inventory; headerless inventory row; Git history non-authoritative
services/dbc/linter/implementations/ts/__tests__/fixtures/autofix-combined/implements-method.ts	DBC-DBC-LINTER	canonical linter boundary plus sibling @spec/spec inventory; legacy @tasks DL-match; Git history non-authoritative
services/dbc/linter/implementations/ts/__tests__/fixtures/autofix-combined/indented-multi-tag.ts	DBC-DBC-LINTER	canonical linter boundary plus sibling @spec/spec inventory; legacy @tasks DL-jsdoc-fx; Git history non-authoritative
services/dbc/linter/implementations/ts/__tests__/fixtures/autofix-combined/malformed-multi-line.ts	DBC-DBC-LINTER	canonical linter boundary plus sibling @spec/spec inventory; legacy @tasks DL-jsdoc-fx; Git history non-authoritative
services/dbc/linter/implementations/ts/__tests__/fixtures/autofix-combined/malformed-opening.ts	DBC-DBC-LINTER	canonical linter boundary plus sibling @spec/spec inventory; legacy @tasks DL-jsdoc-fx; Git history non-authoritative
services/dbc/linter/implementations/ts/__tests__/fixtures/autofix-combined/missing-star-prefix.ts	DBC-DBC-LINTER	canonical linter boundary plus sibling @spec/spec inventory; legacy @tasks DL-jsdoc-fx; Git history non-authoritative
services/dbc/linter/implementations/ts/__tests__/fixtures/autofix-combined/multi-line-cannot-inline.ts	DBC-DBC-LINTER	canonical linter boundary plus sibling @spec/spec inventory; headerless inventory row; Git history non-authoritative
services/dbc/linter/implementations/ts/__tests__/fixtures/autofix-combined/multi-line-to-inline.ts	DBC-DBC-LINTER	canonical linter boundary plus sibling @spec/spec inventory; headerless inventory row; Git history non-authoritative
services/dbc/linter/implementations/ts/__tests__/fixtures/autofix-combined/order-tags.ts	DBC-DBC-LINTER	canonical linter boundary plus sibling @spec/spec inventory; headerless inventory row; Git history non-authoritative
services/dbc/linter/implementations/ts/__tests__/fixtures/autofix-combined/pipe-to-multiline.expected.ts	DBC-DBC-LINTER	canonical linter boundary plus sibling @spec/spec inventory; legacy @tasks test; Git history non-authoritative
services/dbc/linter/implementations/ts/__tests__/fixtures/autofix-combined/pipe-to-multiline.fixture.ts	DBC-DBC-LINTER	canonical linter boundary plus sibling @spec/spec inventory; legacy @tasks test; Git history non-authoritative
services/dbc/linter/implementations/ts/__tests__/fixtures/edge/all-exports.ts	DBC-DBC-LINTER	canonical linter boundary plus sibling @spec/spec inventory; headerless inventory row; Git history non-authoritative
services/dbc/linter/implementations/ts/__tests__/fixtures/edge/comment-style.ts	DBC-DBC-LINTER	canonical linter boundary plus sibling @spec/spec inventory; headerless inventory row; Git history non-authoritative
services/dbc/linter/implementations/ts/__tests__/fixtures/edge/decorators.ts	DBC-DBC-LINTER	canonical linter boundary plus sibling @spec/spec inventory; headerless inventory row; Git history non-authoritative
services/dbc/linter/implementations/ts/__tests__/fixtures/edge/default-param.ts	DBC-DBC-LINTER	canonical linter boundary plus sibling @spec/spec inventory; headerless inventory row; Git history non-authoritative
services/dbc/linter/implementations/ts/__tests__/fixtures/edge/empty-file.ts	DBC-DBC-LINTER	canonical linter boundary plus sibling @spec/spec inventory; headerless inventory row; Git history non-authoritative
services/dbc/linter/implementations/ts/__tests__/fixtures/edge/nested-class.ts	DBC-DBC-LINTER	canonical linter boundary plus sibling @spec/spec inventory; headerless inventory row; Git history non-authoritative
services/dbc/linter/implementations/ts/__tests__/fixtures/edge/no-exports.ts	DBC-DBC-LINTER	canonical linter boundary plus sibling @spec/spec inventory; headerless inventory row; Git history non-authoritative
services/dbc/linter/implementations/ts/__tests__/fixtures/edge/optional-param.ts	DBC-DBC-LINTER	canonical linter boundary plus sibling @spec/spec inventory; headerless inventory row; Git history non-authoritative
services/dbc/linter/implementations/ts/__tests__/fixtures/edge/private-class.ts	DBC-DBC-LINTER	canonical linter boundary plus sibling @spec/spec inventory; headerless inventory row; Git history non-authoritative
services/dbc/linter/implementations/ts/__tests__/fixtures/edge/re-export.ts	DBC-DBC-LINTER	canonical linter boundary plus sibling @spec/spec inventory; headerless inventory row; Git history non-authoritative
services/dbc/linter/implementations/ts/__tests__/fixtures/edge/rest-param.ts	DBC-DBC-LINTER	canonical linter boundary plus sibling @spec/spec inventory; headerless inventory row; Git history non-authoritative
services/dbc/linter/implementations/ts/__tests__/fixtures/happy/class.ts	DBC-DBC-LINTER	canonical linter boundary plus sibling @spec/spec inventory; headerless inventory row; Git history non-authoritative
services/dbc/linter/implementations/ts/__tests__/fixtures/happy/comment-before-export.ts	DBC-DBC-LINTER	canonical linter boundary plus sibling @spec/spec inventory; headerless inventory row; Git history non-authoritative
services/dbc/linter/implementations/ts/__tests__/fixtures/happy/const.ts	DBC-DBC-LINTER	canonical linter boundary plus sibling @spec/spec inventory; headerless inventory row; Git history non-authoritative
services/dbc/linter/implementations/ts/__tests__/fixtures/happy/enum.ts	DBC-DBC-LINTER	canonical linter boundary plus sibling @spec/spec inventory; headerless inventory row; Git history non-authoritative
services/dbc/linter/implementations/ts/__tests__/fixtures/happy/export-default-anon-class.ts	DBC-DBC-LINTER	canonical linter boundary plus sibling @spec/spec inventory; headerless inventory row; Git history non-authoritative
services/dbc/linter/implementations/ts/__tests__/fixtures/happy/export-default-anon-fn.ts	DBC-DBC-LINTER	canonical linter boundary plus sibling @spec/spec inventory; headerless inventory row; Git history non-authoritative
services/dbc/linter/implementations/ts/__tests__/fixtures/happy/export-default-arrow.ts	DBC-DBC-LINTER	canonical linter boundary plus sibling @spec/spec inventory; headerless inventory row; Git history non-authoritative
services/dbc/linter/implementations/ts/__tests__/fixtures/happy/export-default-expr.ts	DBC-DBC-LINTER	canonical linter boundary plus sibling @spec/spec inventory; headerless inventory row; Git history non-authoritative
services/dbc/linter/implementations/ts/__tests__/fixtures/happy/export-default.ts	DBC-DBC-LINTER	canonical linter boundary plus sibling @spec/spec inventory; headerless inventory row; Git history non-authoritative
services/dbc/linter/implementations/ts/__tests__/fixtures/happy/function-void.ts	DBC-DBC-LINTER	canonical linter boundary plus sibling @spec/spec inventory; headerless inventory row; Git history non-authoritative
services/dbc/linter/implementations/ts/__tests__/fixtures/happy/function.ts	DBC-DBC-LINTER	canonical linter boundary plus sibling @spec/spec inventory; headerless inventory row; Git history non-authoritative
services/dbc/linter/implementations/ts/__tests__/fixtures/happy/interface.ts	DBC-DBC-LINTER	canonical linter boundary plus sibling @spec/spec inventory; headerless inventory row; Git history non-authoritative
services/dbc/linter/implementations/ts/__tests__/fixtures/happy/multi-export.ts	DBC-DBC-LINTER	canonical linter boundary plus sibling @spec/spec inventory; headerless inventory row; Git history non-authoritative
services/dbc/linter/implementations/ts/__tests__/fixtures/happy/type.ts	DBC-DBC-LINTER	canonical linter boundary plus sibling @spec/spec inventory; headerless inventory row; Git history non-authoritative
services/dbc/linter/implementations/ts/__tests__/fixtures/implements-see/autofix-idempotent.ts	DBC-DBC-LINTER	canonical linter boundary plus sibling @spec/spec inventory; headerless inventory row; Git history non-authoritative
services/dbc/linter/implementations/ts/__tests__/fixtures/implements-see/autofix-preserves-purpose.ts	DBC-DBC-LINTER	canonical linter boundary plus sibling @spec/spec inventory; headerless inventory row; Git history non-authoritative
services/dbc/linter/implementations/ts/__tests__/fixtures/implements-see/autofix.ts	DBC-DBC-LINTER	canonical linter boundary plus sibling @spec/spec inventory; headerless inventory row; Git history non-authoritative
services/dbc/linter/implementations/ts/__tests__/fixtures/implements-see/extends-and-implements.ts	DBC-DBC-LINTER	canonical linter boundary plus sibling @spec/spec inventory; headerless inventory row; Git history non-authoritative
services/dbc/linter/implementations/ts/__tests__/fixtures/implements-see/extends-no-see.ts	DBC-DBC-LINTER	canonical linter boundary plus sibling @spec/spec inventory; headerless inventory row; Git history non-authoritative
services/dbc/linter/implementations/ts/__tests__/fixtures/implements-see/extends-not-redundant.ts	DBC-DBC-LINTER	canonical linter boundary plus sibling @spec/spec inventory; headerless inventory row; Git history non-authoritative
services/dbc/linter/implementations/ts/__tests__/fixtures/implements-see/happy.ts	DBC-DBC-LINTER	canonical linter boundary plus sibling @spec/spec inventory; headerless inventory row; Git history non-authoritative
services/dbc/linter/implementations/ts/__tests__/fixtures/implements-see/multiple-implements.ts	DBC-DBC-LINTER	canonical linter boundary plus sibling @spec/spec inventory; headerless inventory row; Git history non-authoritative
services/dbc/linter/implementations/ts/__tests__/fixtures/implements-see/multiple-params.ts	DBC-DBC-LINTER	canonical linter boundary plus sibling @spec/spec inventory; headerless inventory row; Git history non-authoritative
services/dbc/linter/implementations/ts/__tests__/fixtures/implements-see/no-see.ts	DBC-DBC-LINTER	canonical linter boundary plus sibling @spec/spec inventory; headerless inventory row; Git history non-authoritative
services/dbc/linter/implementations/ts/__tests__/fixtures/implements-see/only-param-redundant.ts	DBC-DBC-LINTER	canonical linter boundary plus sibling @spec/spec inventory; headerless inventory row; Git history non-authoritative
services/dbc/linter/implementations/ts/__tests__/fixtures/implements-see/override-not-redundant.ts	DBC-DBC-LINTER	canonical linter boundary plus sibling @spec/spec inventory; headerless inventory row; Git history non-authoritative
services/dbc/linter/implementations/ts/__tests__/fixtures/implements-see/priority-returns-only.ts	DBC-DBC-LINTER	canonical linter boundary plus sibling @spec/spec inventory; headerless inventory row; Git history non-authoritative
services/dbc/linter/implementations/ts/__tests__/fixtures/implements-see/see-no-implements.ts	DBC-DBC-LINTER	canonical linter boundary plus sibling @spec/spec inventory; headerless inventory row; Git history non-authoritative
services/dbc/linter/implementations/ts/__tests__/fixtures/implements-see/see-on-extends-not-implements.ts	DBC-DBC-LINTER	canonical linter boundary plus sibling @spec/spec inventory; headerless inventory row; Git history non-authoritative
services/dbc/linter/implementations/ts/__tests__/fixtures/implements-see/see-wrong-interface.ts	DBC-DBC-LINTER	canonical linter boundary plus sibling @spec/spec inventory; headerless inventory row; Git history non-authoritative
services/dbc/linter/implementations/ts/__tests__/fixtures/implements-see/see-wrong-method.ts	DBC-DBC-LINTER	canonical linter boundary plus sibling @spec/spec inventory; headerless inventory row; Git history non-authoritative
services/dbc/linter/implementations/ts/__tests__/fixtures/missing-contract/class-all-members.ts	DBC-DBC-LINTER	canonical linter boundary plus sibling @spec/spec inventory; headerless inventory row; Git history non-authoritative
services/dbc/linter/implementations/ts/__tests__/fixtures/missing-contract/class.ts	DBC-DBC-LINTER	canonical linter boundary plus sibling @spec/spec inventory; headerless inventory row; Git history non-authoritative
services/dbc/linter/implementations/ts/__tests__/fixtures/missing-contract/const.ts	DBC-DBC-LINTER	canonical linter boundary plus sibling @spec/spec inventory; headerless inventory row; Git history non-authoritative
services/dbc/linter/implementations/ts/__tests__/fixtures/missing-contract/enum.ts	DBC-DBC-LINTER	canonical linter boundary plus sibling @spec/spec inventory; headerless inventory row; Git history non-authoritative
services/dbc/linter/implementations/ts/__tests__/fixtures/missing-contract/export-default-anon-class.ts	DBC-DBC-LINTER	canonical linter boundary plus sibling @spec/spec inventory; headerless inventory row; Git history non-authoritative
services/dbc/linter/implementations/ts/__tests__/fixtures/missing-contract/export-default-anon-fn.ts	DBC-DBC-LINTER	canonical linter boundary plus sibling @spec/spec inventory; headerless inventory row; Git history non-authoritative
services/dbc/linter/implementations/ts/__tests__/fixtures/missing-contract/export-default-arrow.ts	DBC-DBC-LINTER	canonical linter boundary plus sibling @spec/spec inventory; headerless inventory row; Git history non-authoritative
services/dbc/linter/implementations/ts/__tests__/fixtures/missing-contract/export-default.ts	DBC-DBC-LINTER	canonical linter boundary plus sibling @spec/spec inventory; headerless inventory row; Git history non-authoritative
services/dbc/linter/implementations/ts/__tests__/fixtures/missing-contract/function.ts	DBC-DBC-LINTER	canonical linter boundary plus sibling @spec/spec inventory; headerless inventory row; Git history non-authoritative
services/dbc/linter/implementations/ts/__tests__/fixtures/missing-contract/interface.ts	DBC-DBC-LINTER	canonical linter boundary plus sibling @spec/spec inventory; headerless inventory row; Git history non-authoritative
services/dbc/linter/implementations/ts/__tests__/fixtures/missing-contract/member-constructor.ts	DBC-DBC-LINTER	canonical linter boundary plus sibling @spec/spec inventory; headerless inventory row; Git history non-authoritative
services/dbc/linter/implementations/ts/__tests__/fixtures/missing-contract/member-enum.ts	DBC-DBC-LINTER	canonical linter boundary plus sibling @spec/spec inventory; headerless inventory row; Git history non-authoritative
services/dbc/linter/implementations/ts/__tests__/fixtures/missing-contract/member-field.ts	DBC-DBC-LINTER	canonical linter boundary plus sibling @spec/spec inventory; headerless inventory row; Git history non-authoritative
services/dbc/linter/implementations/ts/__tests__/fixtures/missing-contract/member-getter.ts	DBC-DBC-LINTER	canonical linter boundary plus sibling @spec/spec inventory; headerless inventory row; Git history non-authoritative
services/dbc/linter/implementations/ts/__tests__/fixtures/missing-contract/member-interface-method.ts	DBC-DBC-LINTER	canonical linter boundary plus sibling @spec/spec inventory; headerless inventory row; Git history non-authoritative
services/dbc/linter/implementations/ts/__tests__/fixtures/missing-contract/member-interface-property.ts	DBC-DBC-LINTER	canonical linter boundary plus sibling @spec/spec inventory; headerless inventory row; Git history non-authoritative
services/dbc/linter/implementations/ts/__tests__/fixtures/missing-contract/member-method.ts	DBC-DBC-LINTER	canonical linter boundary plus sibling @spec/spec inventory; headerless inventory row; Git history non-authoritative
services/dbc/linter/implementations/ts/__tests__/fixtures/missing-contract/member-setter.ts	DBC-DBC-LINTER	canonical linter boundary plus sibling @spec/spec inventory; headerless inventory row; Git history non-authoritative
services/dbc/linter/implementations/ts/__tests__/fixtures/missing-contract/type.ts	DBC-DBC-LINTER	canonical linter boundary plus sibling @spec/spec inventory; headerless inventory row; Git history non-authoritative
services/dbc/linter/implementations/ts/__tests__/fixtures/param-extra/autofix.ts	DBC-DBC-LINTER	canonical linter boundary plus sibling @spec/spec inventory; headerless inventory row; Git history non-authoritative
services/dbc/linter/implementations/ts/__tests__/fixtures/param-extra/multiple.ts	DBC-DBC-LINTER	canonical linter boundary plus sibling @spec/spec inventory; headerless inventory row; Git history non-authoritative
services/dbc/linter/implementations/ts/__tests__/fixtures/param-extra/renamed.ts	DBC-DBC-LINTER	canonical linter boundary plus sibling @spec/spec inventory; headerless inventory row; Git history non-authoritative
services/dbc/linter/implementations/ts/__tests__/fixtures/param-extra/single.ts	DBC-DBC-LINTER	canonical linter boundary plus sibling @spec/spec inventory; headerless inventory row; Git history non-authoritative
services/dbc/linter/implementations/ts/__tests__/fixtures/param-missing/constructor.ts	DBC-DBC-LINTER	canonical linter boundary plus sibling @spec/spec inventory; headerless inventory row; Git history non-authoritative
services/dbc/linter/implementations/ts/__tests__/fixtures/param-missing/function-all.ts	DBC-DBC-LINTER	canonical linter boundary plus sibling @spec/spec inventory; headerless inventory row; Git history non-authoritative
services/dbc/linter/implementations/ts/__tests__/fixtures/param-missing/function-multiple.ts	DBC-DBC-LINTER	canonical linter boundary plus sibling @spec/spec inventory; headerless inventory row; Git history non-authoritative
services/dbc/linter/implementations/ts/__tests__/fixtures/param-missing/function-single.ts	DBC-DBC-LINTER	canonical linter boundary plus sibling @spec/spec inventory; headerless inventory row; Git history non-authoritative
services/dbc/linter/implementations/ts/__tests__/fixtures/param-missing/method.ts	DBC-DBC-LINTER	canonical linter boundary plus sibling @spec/spec inventory; headerless inventory row; Git history non-authoritative
services/dbc/linter/implementations/ts/__tests__/fixtures/param-order/autofix.ts	DBC-DBC-LINTER	canonical linter boundary plus sibling @spec/spec inventory; headerless inventory row; Git history non-authoritative
services/dbc/linter/implementations/ts/__tests__/fixtures/param-order/partial.ts	DBC-DBC-LINTER	canonical linter boundary plus sibling @spec/spec inventory; headerless inventory row; Git history non-authoritative
services/dbc/linter/implementations/ts/__tests__/fixtures/param-order/reversed.ts	DBC-DBC-LINTER	canonical linter boundary plus sibling @spec/spec inventory; headerless inventory row; Git history non-authoritative
services/dbc/linter/implementations/ts/__tests__/fixtures/parse-failed/binary-or-empty.ts	DBC-DBC-LINTER	canonical linter boundary plus sibling @spec/spec inventory; headerless inventory row; Git history non-authoritative
services/dbc/linter/implementations/ts/__tests__/fixtures/parse-failed/syntax-error.ts	DBC-DBC-LINTER	canonical linter boundary plus sibling @spec/spec inventory; headerless inventory row; Git history non-authoritative
services/dbc/linter/implementations/ts/__tests__/fixtures/parser-errors/parser-order.ts	DBC-DBC-LINTER	canonical linter boundary plus sibling @spec/spec inventory; headerless inventory row; Git history non-authoritative
services/dbc/linter/implementations/ts/__tests__/fixtures/parser-errors/parser-param-name-missing.ts	DBC-DBC-LINTER	canonical linter boundary plus sibling @spec/spec inventory; headerless inventory row; Git history non-authoritative
services/dbc/linter/implementations/ts/__tests__/fixtures/parser-errors/parser-purpose-conflict.ts	DBC-DBC-LINTER	canonical linter boundary plus sibling @spec/spec inventory; headerless inventory row; Git history non-authoritative
services/dbc/linter/implementations/ts/__tests__/fixtures/parser-errors/parser-see-format-invalid.ts	DBC-DBC-LINTER	canonical linter boundary plus sibling @spec/spec inventory; headerless inventory row; Git history non-authoritative
services/dbc/linter/implementations/ts/__tests__/fixtures/returns-missing/function.ts	DBC-DBC-LINTER	canonical linter boundary plus sibling @spec/spec inventory; headerless inventory row; Git history non-authoritative
services/dbc/linter/implementations/ts/__tests__/fixtures/returns-missing/getter.ts	DBC-DBC-LINTER	canonical linter boundary plus sibling @spec/spec inventory; headerless inventory row; Git history non-authoritative
services/dbc/linter/implementations/ts/__tests__/fixtures/returns-missing/method.ts	DBC-DBC-LINTER	canonical linter boundary plus sibling @spec/spec inventory; headerless inventory row; Git history non-authoritative
services/dbc/linter/implementations/ts/__tests__/fixtures/returns-unexpected/autofix.ts	DBC-DBC-LINTER	canonical linter boundary plus sibling @spec/spec inventory; headerless inventory row; Git history non-authoritative
services/dbc/linter/implementations/ts/__tests__/fixtures/returns-unexpected/const.ts	DBC-DBC-LINTER	canonical linter boundary plus sibling @spec/spec inventory; headerless inventory row; Git history non-authoritative
services/dbc/linter/implementations/ts/__tests__/fixtures/returns-unexpected/constructor.ts	DBC-DBC-LINTER	canonical linter boundary plus sibling @spec/spec inventory; headerless inventory row; Git history non-authoritative
services/dbc/linter/implementations/ts/__tests__/fixtures/returns-unexpected/field.ts	DBC-DBC-LINTER	canonical linter boundary plus sibling @spec/spec inventory; headerless inventory row; Git history non-authoritative
services/dbc/linter/implementations/ts/__tests__/fixtures/returns-unexpected/function-void.ts	DBC-DBC-LINTER	canonical linter boundary plus sibling @spec/spec inventory; headerless inventory row; Git history non-authoritative
services/dbc/linter/implementations/ts/__tests__/fixtures/returns-unexpected/setter.ts	DBC-DBC-LINTER	canonical linter boundary plus sibling @spec/spec inventory; headerless inventory row; Git history non-authoritative
services/dbc/linter/implementations/ts/__tests__/fixtures/snapshots/01-content-on-opening.expected.ts	DBC-DBC-LINTER	canonical linter boundary plus sibling @spec/spec inventory; headerless inventory row; Git history non-authoritative
services/dbc/linter/implementations/ts/__tests__/fixtures/snapshots/01-content-on-opening.fixture.ts	DBC-DBC-LINTER	canonical linter boundary plus sibling @spec/spec inventory; headerless inventory row; Git history non-authoritative
services/dbc/linter/implementations/ts/__tests__/fixtures/snapshots/02-content-on-closing.expected.ts	DBC-DBC-LINTER	canonical linter boundary plus sibling @spec/spec inventory; headerless inventory row; Git history non-authoritative
services/dbc/linter/implementations/ts/__tests__/fixtures/snapshots/02-content-on-closing.fixture.ts	DBC-DBC-LINTER	canonical linter boundary plus sibling @spec/spec inventory; headerless inventory row; Git history non-authoritative
services/dbc/linter/implementations/ts/__tests__/fixtures/snapshots/03-no-star-prefix.expected.ts	DBC-DBC-LINTER	canonical linter boundary plus sibling @spec/spec inventory; headerless inventory row; Git history non-authoritative
services/dbc/linter/implementations/ts/__tests__/fixtures/snapshots/03-no-star-prefix.fixture.ts	DBC-DBC-LINTER	canonical linter boundary plus sibling @spec/spec inventory; headerless inventory row; Git history non-authoritative
services/dbc/linter/implementations/ts/__tests__/fixtures/snapshots/04-mixed-star-prefix.expected.ts	DBC-DBC-LINTER	canonical linter boundary plus sibling @spec/spec inventory; headerless inventory row; Git history non-authoritative
services/dbc/linter/implementations/ts/__tests__/fixtures/snapshots/04-mixed-star-prefix.fixture.ts	DBC-DBC-LINTER	canonical linter boundary plus sibling @spec/spec inventory; headerless inventory row; Git history non-authoritative
services/dbc/linter/implementations/ts/__tests__/fixtures/snapshots/05-indented-method.expected.ts	DBC-DBC-LINTER	canonical linter boundary plus sibling @spec/spec inventory; headerless inventory row; Git history non-authoritative
services/dbc/linter/implementations/ts/__tests__/fixtures/snapshots/05-indented-method.fixture.ts	DBC-DBC-LINTER	canonical linter boundary plus sibling @spec/spec inventory; headerless inventory row; Git history non-authoritative
services/dbc/linter/implementations/ts/__tests__/fixtures/snapshots/06-pipe-function.expected.ts	DBC-DBC-LINTER	canonical linter boundary plus sibling @spec/spec inventory; headerless inventory row; Git history non-authoritative
services/dbc/linter/implementations/ts/__tests__/fixtures/snapshots/06-pipe-function.fixture.ts	DBC-DBC-LINTER	canonical linter boundary plus sibling @spec/spec inventory; headerless inventory row; Git history non-authoritative
services/dbc/linter/implementations/ts/__tests__/fixtures/snapshots/07-pipe-four-tags.expected.ts	DBC-DBC-LINTER	canonical linter boundary plus sibling @spec/spec inventory; headerless inventory row; Git history non-authoritative
services/dbc/linter/implementations/ts/__tests__/fixtures/snapshots/07-pipe-four-tags.fixture.ts	DBC-DBC-LINTER	canonical linter boundary plus sibling @spec/spec inventory; headerless inventory row; Git history non-authoritative
services/dbc/linter/implementations/ts/__tests__/fixtures/snapshots/08-pipe-const-stays.expected.ts	DBC-DBC-LINTER	canonical linter boundary plus sibling @spec/spec inventory; headerless inventory row; Git history non-authoritative
services/dbc/linter/implementations/ts/__tests__/fixtures/snapshots/08-pipe-const-stays.fixture.ts	DBC-DBC-LINTER	canonical linter boundary plus sibling @spec/spec inventory; headerless inventory row; Git history non-authoritative
services/dbc/linter/implementations/ts/__tests__/fixtures/snapshots/09-extra-spaces.expected.ts	DBC-DBC-LINTER	canonical linter boundary plus sibling @spec/spec inventory; headerless inventory row; Git history non-authoritative
services/dbc/linter/implementations/ts/__tests__/fixtures/snapshots/09-extra-spaces.fixture.ts	DBC-DBC-LINTER	canonical linter boundary plus sibling @spec/spec inventory; headerless inventory row; Git history non-authoritative
services/dbc/linter/implementations/ts/__tests__/fixtures/snapshots/10-malformed-closing.expected.ts	DBC-DBC-LINTER	canonical linter boundary plus sibling @spec/spec inventory; headerless inventory row; Git history non-authoritative
services/dbc/linter/implementations/ts/__tests__/fixtures/snapshots/10-malformed-closing.fixture.ts	DBC-DBC-LINTER	canonical linter boundary plus sibling @spec/spec inventory; headerless inventory row; Git history non-authoritative
services/dbc/linter/implementations/ts/__tests__/fixtures/snapshots/11-crlf-endings.expected.ts	DBC-DBC-LINTER	canonical linter boundary plus sibling @spec/spec inventory; headerless inventory row; Git history non-authoritative
services/dbc/linter/implementations/ts/__tests__/fixtures/snapshots/11-crlf-endings.fixture.ts	DBC-DBC-LINTER	canonical linter boundary plus sibling @spec/spec inventory; headerless inventory row; Git history non-authoritative
services/dbc/linter/implementations/ts/__tests__/fixtures/snapshots/12-bom-header.expected.ts	DBC-DBC-LINTER	canonical linter boundary plus sibling @spec/spec inventory; headerless inventory row; Git history non-authoritative
services/dbc/linter/implementations/ts/__tests__/fixtures/snapshots/12-bom-header.fixture.ts	DBC-DBC-LINTER	canonical linter boundary plus sibling @spec/spec inventory; headerless inventory row; Git history non-authoritative
services/dbc/linter/implementations/ts/__tests__/fixtures/snapshots/13-tab-indent.expected.ts	DBC-DBC-LINTER	canonical linter boundary plus sibling @spec/spec inventory; headerless inventory row; Git history non-authoritative
services/dbc/linter/implementations/ts/__tests__/fixtures/snapshots/13-tab-indent.fixture.ts	DBC-DBC-LINTER	canonical linter boundary plus sibling @spec/spec inventory; headerless inventory row; Git history non-authoritative
services/dbc/linter/implementations/ts/__tests__/fixtures/snapshots/14-mixed-tabs-spaces.expected.ts	DBC-DBC-LINTER	canonical linter boundary plus sibling @spec/spec inventory; headerless inventory row; Git history non-authoritative
services/dbc/linter/implementations/ts/__tests__/fixtures/snapshots/14-mixed-tabs-spaces.fixture.ts	DBC-DBC-LINTER	canonical linter boundary plus sibling @spec/spec inventory; headerless inventory row; Git history non-authoritative
services/dbc/linter/implementations/ts/__tests__/fixtures/snapshots/15-destructured-param.expected.ts	DBC-DBC-LINTER	canonical linter boundary plus sibling @spec/spec inventory; headerless inventory row; Git history non-authoritative
services/dbc/linter/implementations/ts/__tests__/fixtures/snapshots/15-destructured-param.fixture.ts	DBC-DBC-LINTER	canonical linter boundary plus sibling @spec/spec inventory; headerless inventory row; Git history non-authoritative
services/dbc/linter/implementations/ts/__tests__/fixtures/snapshots/16-rest-param.expected.ts	DBC-DBC-LINTER	canonical linter boundary plus sibling @spec/spec inventory; headerless inventory row; Git history non-authoritative
services/dbc/linter/implementations/ts/__tests__/fixtures/snapshots/16-rest-param.fixture.ts	DBC-DBC-LINTER	canonical linter boundary plus sibling @spec/spec inventory; headerless inventory row; Git history non-authoritative
services/dbc/linter/implementations/ts/__tests__/fixtures/snapshots/17-property-only-purpose.expected.ts	DBC-DBC-LINTER	canonical linter boundary plus sibling @spec/spec inventory; headerless inventory row; Git history non-authoritative
services/dbc/linter/implementations/ts/__tests__/fixtures/snapshots/17-property-only-purpose.fixture.ts	DBC-DBC-LINTER	canonical linter boundary plus sibling @spec/spec inventory; headerless inventory row; Git history non-authoritative
services/dbc/linter/implementations/ts/__tests__/fixtures/snapshots/18-empty-jsdoc.expected.ts	DBC-DBC-LINTER	canonical linter boundary plus sibling @spec/spec inventory; headerless inventory row; Git history non-authoritative
services/dbc/linter/implementations/ts/__tests__/fixtures/snapshots/18-empty-jsdoc.fixture.ts	DBC-DBC-LINTER	canonical linter boundary plus sibling @spec/spec inventory; headerless inventory row; Git history non-authoritative
services/dbc/linter/implementations/ts/__tests__/fixtures/snapshots/19-multiple-blocks.expected.ts	DBC-DBC-LINTER	canonical linter boundary plus sibling @spec/spec inventory; headerless inventory row; Git history non-authoritative
services/dbc/linter/implementations/ts/__tests__/fixtures/snapshots/19-multiple-blocks.fixture.ts	DBC-DBC-LINTER	canonical linter boundary plus sibling @spec/spec inventory; headerless inventory row; Git history non-authoritative
services/dbc/linter/implementations/ts/__tests__/fixtures/snapshots/20-trailing-spaces.expected.ts	DBC-DBC-LINTER	canonical linter boundary plus sibling @spec/spec inventory; headerless inventory row; Git history non-authoritative
services/dbc/linter/implementations/ts/__tests__/fixtures/snapshots/20-trailing-spaces.fixture.ts	DBC-DBC-LINTER	canonical linter boundary plus sibling @spec/spec inventory; headerless inventory row; Git history non-authoritative
services/dbc/linter/implementations/ts/__tests__/fixtures/snapshots/21-pipe-interface-method.expected.ts	DBC-DBC-LINTER	canonical linter boundary plus sibling @spec/spec inventory; headerless inventory row; Git history non-authoritative
services/dbc/linter/implementations/ts/__tests__/fixtures/snapshots/21-pipe-interface-method.fixture.ts	DBC-DBC-LINTER	canonical linter boundary plus sibling @spec/spec inventory; headerless inventory row; Git history non-authoritative
services/dbc/linter/implementations/ts/__tests__/fixtures/snapshots/22-pipe-class-method.expected.ts	DBC-DBC-LINTER	canonical linter boundary plus sibling @spec/spec inventory; headerless inventory row; Git history non-authoritative
services/dbc/linter/implementations/ts/__tests__/fixtures/snapshots/22-pipe-class-method.fixture.ts	DBC-DBC-LINTER	canonical linter boundary plus sibling @spec/spec inventory; headerless inventory row; Git history non-authoritative
services/dbc/linter/implementations/ts/__tests__/fixtures/snapshots/23-pipe-nested-class.expected.ts	DBC-DBC-LINTER	canonical linter boundary plus sibling @spec/spec inventory; headerless inventory row; Git history non-authoritative
services/dbc/linter/implementations/ts/__tests__/fixtures/snapshots/23-pipe-nested-class.fixture.ts	DBC-DBC-LINTER	canonical linter boundary plus sibling @spec/spec inventory; headerless inventory row; Git history non-authoritative
services/dbc/linter/implementations/ts/__tests__/fixtures/snapshots/24-pipe-getter-stays.expected.ts	DBC-DBC-LINTER	canonical linter boundary plus sibling @spec/spec inventory; headerless inventory row; Git history non-authoritative
services/dbc/linter/implementations/ts/__tests__/fixtures/snapshots/24-pipe-getter-stays.fixture.ts	DBC-DBC-LINTER	canonical linter boundary plus sibling @spec/spec inventory; headerless inventory row; Git history non-authoritative
services/dbc/linter/implementations/ts/__tests__/fixtures/snapshots/25-pipe-setter-stays.expected.ts	DBC-DBC-LINTER	canonical linter boundary plus sibling @spec/spec inventory; headerless inventory row; Git history non-authoritative
services/dbc/linter/implementations/ts/__tests__/fixtures/snapshots/25-pipe-setter-stays.fixture.ts	DBC-DBC-LINTER	canonical linter boundary plus sibling @spec/spec inventory; headerless inventory row; Git history non-authoritative
services/dbc/linter/implementations/ts/__tests__/fixtures/type-redundant/autofix.ts	DBC-DBC-LINTER	canonical linter boundary plus sibling @spec/spec inventory; headerless inventory row; Git history non-authoritative
services/dbc/linter/implementations/ts/__tests__/fixtures/type-redundant/multiple.ts	DBC-DBC-LINTER	canonical linter boundary plus sibling @spec/spec inventory; headerless inventory row; Git history non-authoritative
services/dbc/linter/implementations/ts/__tests__/fixtures/type-redundant/param.ts	DBC-DBC-LINTER	canonical linter boundary plus sibling @spec/spec inventory; headerless inventory row; Git history non-authoritative
services/dbc/linter/implementations/ts/__tests__/fixtures/type-redundant/returns.ts	DBC-DBC-LINTER	canonical linter boundary plus sibling @spec/spec inventory; headerless inventory row; Git history non-authoritative
services/dbc/parser/dbc-parser.types.ts	DBC-DBC-PARSER	canonical parser boundary plus sibling @spec/spec inventory; legacy @tasks DP-fields; Git history non-authoritative
services/dbc/parser/implementations/jsdoc/__tests__/jsdoc-parser-descriptions.test.ts	DBC-DBC-PARSER	canonical parser boundary plus sibling @spec/spec inventory; headerless inventory row; Git history non-authoritative
services/dbc/parser/implementations/jsdoc/__tests__/jsdoc-parser-edge-cases.test.ts	DBC-DBC-PARSER	canonical parser boundary plus sibling @spec/spec inventory; headerless inventory row; Git history non-authoritative
services/dbc/parser/implementations/jsdoc/__tests__/jsdoc-parser-fields.test.ts	DBC-DBC-PARSER	canonical parser boundary plus sibling @spec/spec inventory; headerless inventory row; Git history non-authoritative
services/dbc/parser/implementations/jsdoc/__tests__/jsdoc-parser-syntax.test.ts	DBC-DBC-PARSER	canonical parser boundary plus sibling @spec/spec inventory; headerless inventory row; Git history non-authoritative
services/dbc/parser/implementations/jsdoc/__tests__/jsdoc-parser-validation.test.ts	DBC-DBC-PARSER	canonical parser boundary plus sibling @spec/spec inventory; headerless inventory row; Git history non-authoritative
services/dbc/parser/implementations/jsdoc/dbc-jsdoc-parser.ts	DBC-DBC-PARSER	canonical parser boundary plus sibling @spec/spec inventory; legacy @tasks DP-jsdoc; Git history non-authoritative
services/logger/logger.test.ts	SHARED	manual responsibility: shared service infrastructure; legacy @tasks TSK-debug-log; Git history non-authoritative
services/logger/logger.ts	SHARED	manual responsibility: shared service infrastructure; headerless inventory row; Git history non-authoritative
services/remote-console/__tests__/remote-console-client.test.ts	SHARED	manual responsibility: shared service infrastructure; headerless inventory row; Git history non-authoritative
services/remote-console/__tests__/remote-console-server.test.ts	SHARED	manual responsibility: shared service infrastructure; headerless inventory row; Git history non-authoritative
services/remote-console/client/remote-console-client-serializer.ts	SHARED	manual responsibility: shared service infrastructure; headerless inventory row; Git history non-authoritative
services/remote-console/client/remote-console-client.ts	SHARED	manual responsibility: shared service infrastructure; headerless inventory row; Git history non-authoritative
services/remote-console/client/remote-console-client.types.ts	SHARED	manual responsibility: shared service infrastructure; headerless inventory row; Git history non-authoritative
services/remote-console/remote-console.ts	SHARED	manual responsibility: shared service infrastructure; headerless inventory row; Git history non-authoritative
services/remote-console/server/remote-console-server.ts	SHARED	manual responsibility: shared service infrastructure; headerless inventory row; Git history non-authoritative
services/remote-console/server/remote-console-server.types.ts	SHARED	manual responsibility: shared service infrastructure; headerless inventory row; Git history non-authoritative
services/remote-console/server/remote-console-stdout-writer.ts	SHARED	manual responsibility: shared service infrastructure; headerless inventory row; Git history non-authoritative
services/symbol-index/__tests__/grep-symbol-index-adapter.test.ts	SHARED	manual responsibility: shared service infrastructure; headerless inventory row; Git history non-authoritative
services/symbol-index/__tests__/select-symbol-index.test.ts	SHARED	manual responsibility: shared service infrastructure; headerless inventory row; Git history non-authoritative
services/symbol-index/__tests__/ts-symbol-index-adapter.test.ts	SHARED	manual responsibility: shared service infrastructure; headerless inventory row; Git history non-authoritative
services/symbol-index/implementations/grep/grep-symbol-index-adapter.ts	SHARED	manual responsibility: shared service infrastructure; headerless inventory row; Git history non-authoritative
services/symbol-index/implementations/tree-sitter/ts-symbol-index-adapter.ts	SHARED	manual responsibility: shared service infrastructure; headerless inventory row; Git history non-authoritative
services/symbol-index/select-symbol-index.ts	SHARED	manual responsibility: shared service infrastructure; headerless inventory row; Git history non-authoritative
services/symbol-index/symbol-index.types.ts	SHARED	manual responsibility: shared service infrastructure; headerless inventory row; Git history non-authoritative
services/vcs-client/__tests__/github/vcs-github-client.test.ts	VCS-VCS-CLIENT	canonical module boundary plus sibling @spec/spec inventory; legacy @tasks VC-github; Git history non-authoritative
services/vcs-client/__tests__/github/vcs-github-merge-requests.test.ts	VCS-VCS-CLIENT	canonical module boundary plus sibling @spec/spec inventory; legacy @tasks VC-github; Git history non-authoritative
services/vcs-client/__tests__/github/vcs-github-repository-files.test.ts	VCS-VCS-CLIENT	canonical module boundary plus sibling @spec/spec inventory; legacy @tasks VC-github; Git history non-authoritative
services/vcs-client/__tests__/gitlab/vcs-gitlab-client.observation.test.ts	VCS-VCS-CLIENT	canonical module boundary plus sibling @spec/spec inventory; legacy @tasks IV-vcs-port; Git history non-authoritative
services/vcs-client/__tests__/gitlab/vcs-gitlab-inbox.test.ts	VCS-VCS-CLIENT	canonical module boundary plus sibling @spec/spec inventory; headerless inventory row; Git history non-authoritative
services/vcs-client/__tests__/gitlab/vcs-gitlab-merge-discussions.test.ts	VCS-VCS-CLIENT	canonical module boundary plus sibling @spec/spec inventory; headerless inventory row; Git history non-authoritative
services/vcs-client/__tests__/gitlab/vcs-gitlab-merge-requests.test.ts	VCS-VCS-CLIENT	canonical module boundary plus sibling @spec/spec inventory; legacy @tasks VC-gitlab; Git history non-authoritative
services/vcs-client/__tests__/gitlab/vcs-gitlab-repository-files.test.ts	VCS-VCS-CLIENT	canonical module boundary plus sibling @spec/spec inventory; legacy @tasks VC-gitlab; Git history non-authoritative
services/vcs-client/abstract/vcs-client-inbox.ts	VCS-VCS-CLIENT	canonical module boundary plus sibling @spec/spec inventory; legacy @tasks VC-todos; Git history non-authoritative
services/vcs-client/abstract/vcs-client-reactions.ts	VCS-VCS-CLIENT	canonical module boundary plus sibling @spec/spec inventory; legacy @tasks TSK-98; Git history non-authoritative
services/vcs-client/abstract/vcs-client-repository-files.ts	VCS-VCS-CLIENT	canonical module boundary plus sibling @spec/spec inventory; legacy @tasks VC-fileport; Git history non-authoritative
services/vcs-client/entities/mr-activity-event.type.ts	VCS-VCS-CLIENT	canonical module boundary plus sibling @spec/spec inventory; headerless inventory row; Git history non-authoritative
services/vcs-client/entities/vcs-actionable-mr.type.ts	VCS-VCS-CLIENT	canonical module boundary plus sibling @spec/spec inventory; legacy @tasks VC-todos, IV-gitlab, IV-vcs-port; Git history non-authoritative
services/vcs-client/entities/vcs-delete-note-query.type.ts	VCS-VCS-CLIENT	canonical module boundary plus sibling @spec/spec inventory; legacy @tasks VC-noteedit; Git history non-authoritative
services/vcs-client/entities/vcs-merge-request-create-query.type.ts	VCS-VCS-CLIENT	canonical module boundary plus sibling @spec/spec inventory; legacy @tasks DL-redund; Git history non-authoritative
services/vcs-client/entities/vcs-merge-request-update-query.type.ts	VCS-VCS-CLIENT	canonical module boundary plus sibling @spec/spec inventory; legacy @tasks DL-redund; Git history non-authoritative
services/vcs-client/entities/vcs-reaction-query.type.ts	VCS-VCS-CLIENT	canonical module boundary plus sibling @spec/spec inventory; legacy @tasks TSK-98; Git history non-authoritative
services/vcs-client/entities/vcs-update-note-query.type.ts	VCS-VCS-CLIENT	canonical module boundary plus sibling @spec/spec inventory; legacy @tasks VC-noteedit; Git history non-authoritative
services/vcs-client/entities/vcs-user.type.ts	VCS-VCS-CLIENT	canonical module boundary plus sibling @spec/spec inventory; headerless inventory row; Git history non-authoritative
services/vcs-client/github/vcs-github-client.ts	VCS-VCS-CLIENT	canonical module boundary plus sibling @spec/spec inventory; legacy @tasks VC-github, VC-jobs; Git history non-authoritative
services/vcs-client/github/vcs-github-merge-discussions.ts	VCS-VCS-CLIENT	canonical module boundary plus sibling @spec/spec inventory; legacy @tasks VC-github, TSK-95; Git history non-authoritative
services/vcs-client/github/vcs-github-merge-requests.ts	VCS-VCS-CLIENT	canonical module boundary plus sibling @spec/spec inventory; legacy @tasks VC-github, VC-approve, VC-unappr, VC-pipeline, VC-jobs, DL-redund, VMM-gh-crud; Git history non-authoritative
services/vcs-client/github/vcs-github-reactions.ts	VCS-VCS-CLIENT	canonical module boundary plus sibling @spec/spec inventory; legacy @tasks TSK-98; Git history non-authoritative
services/vcs-client/github/vcs-github-repository-files.ts	VCS-VCS-CLIENT	canonical module boundary plus sibling @spec/spec inventory; legacy @tasks VC-github; Git history non-authoritative
services/vcs-client/gitlab/__tests__/vcs-gitlab-inbox.test.ts	VCS-VCS-CLIENT	canonical module boundary plus sibling @spec/spec inventory; legacy @tasks VC-todos; Git history non-authoritative
services/vcs-client/gitlab/__tests__/vcs-gitlab-merge-discussions.draft.test.ts	VCS-VCS-CLIENT	canonical module boundary plus sibling @spec/spec inventory; legacy @tasks VC-drafts; Git history non-authoritative
services/vcs-client/gitlab/__tests__/vcs-gitlab-merge-discussions.edit.test.ts	VCS-VCS-CLIENT	canonical module boundary plus sibling @spec/spec inventory; legacy @tasks VC-noteedit; Git history non-authoritative
services/vcs-client/gitlab/__tests__/vcs-gitlab-merge-discussions.pagination.test.ts	VCS-VCS-CLIENT	canonical module boundary plus sibling @spec/spec inventory; legacy @tasks IV-gitlab; Git history non-authoritative
services/vcs-client/gitlab/__tests__/vcs-gitlab-merge-requests.pipeline.test.ts	VCS-VCS-CLIENT	canonical module boundary plus sibling @spec/spec inventory; legacy @tasks VC-pipeline, VC-jobs; Git history non-authoritative
services/vcs-client/gitlab/__tests__/vcs-gitlab-merge-requests.unapprove.test.ts	VCS-VCS-CLIENT	canonical module boundary plus sibling @spec/spec inventory; legacy @tasks VC-unappr; Git history non-authoritative
services/vcs-client/gitlab/__tests__/vcs-gitlab-pipeline.test.ts	VCS-VCS-CLIENT	canonical module boundary plus sibling @spec/spec inventory; legacy @tasks VC-jobs; Git history non-authoritative
services/vcs-client/gitlab/vcs-gitlab-client.ts	VCS-VCS-CLIENT	canonical module boundary plus sibling @spec/spec inventory; legacy @tasks VC-gitlab, VC-jobs, IV-vcs-port; Git history non-authoritative
services/vcs-client/gitlab/vcs-gitlab-inbox.ts	VCS-VCS-CLIENT	canonical module boundary plus sibling @spec/spec inventory; legacy @tasks VC-todos, IV-gitlab, IV-vcs-port; Git history non-authoritative
services/vcs-client/gitlab/vcs-gitlab-reactions.ts	VCS-VCS-CLIENT	canonical module boundary plus sibling @spec/spec inventory; legacy @tasks TSK-98; Git history non-authoritative
services/vcs-client/gitlab/vcs-gitlab-repository-files.ts	VCS-VCS-CLIENT	canonical module boundary plus sibling @spec/spec inventory; legacy @tasks VC-gitlab; Git history non-authoritative
shared/backend/git/git-core.ts	SHARED	canonical shared scope boundary plus Entity Inventory; headerless inventory row; Git history non-authoritative
shared/backend/git/git-diff.ts	SHARED	canonical shared scope boundary plus Entity Inventory; headerless inventory row; Git history non-authoritative
shared/backend/rc/rc-config.ts	SHARED	canonical shared scope boundary plus Entity Inventory; headerless inventory row; Git history non-authoritative
shared/common/__tests__/changed-files.test.ts	SHARED	canonical shared scope boundary plus Entity Inventory; headerless inventory row; Git history non-authoritative
shared/common/__tests__/exec.test.ts	SHARED	canonical shared scope boundary plus Entity Inventory; headerless inventory row; Git history non-authoritative
shared/common/__tests__/files.test.ts	SHARED	canonical shared scope boundary plus Entity Inventory; headerless inventory row; Git history non-authoritative
shared/common/__tests__/parse-args.test.ts	SHARED	canonical shared scope boundary plus Entity Inventory; headerless inventory row; Git history non-authoritative
shared/common/__tests__/test-topology.test.ts	SHARED	canonical shared scope boundary plus Entity Inventory; headerless inventory row; Git history non-authoritative
shared/common/__tests__/yagni-source-policy.test.ts	SHARED	canonical shared scope boundary plus Entity Inventory; headerless inventory row; Git history non-authoritative
shared/common/changed-files.ts	SHARED	canonical shared scope boundary plus Entity Inventory; headerless inventory row; Git history non-authoritative
shared/common/exec.ts	SHARED	canonical shared scope boundary plus Entity Inventory; headerless inventory row; Git history non-authoritative
shared/common/files.ts	SHARED	canonical shared scope boundary plus Entity Inventory; headerless inventory row; Git history non-authoritative
shared/common/language.ts	SHARED	canonical shared scope boundary plus Entity Inventory; headerless inventory row; Git history non-authoritative
shared/common/logger.ts	SHARED	canonical shared scope boundary plus Entity Inventory; headerless inventory row; Git history non-authoritative
shared/common/parse-args.ts	SHARED	canonical shared scope boundary plus Entity Inventory; legacy @tasks TSK-80; Git history non-authoritative
shared/common/repo-file-identity.ts	SHARED	canonical shared scope boundary plus Entity Inventory; headerless inventory row; Git history non-authoritative
shared/common/repo-path.ts	SHARED	canonical shared scope boundary plus Entity Inventory; headerless inventory row; Git history non-authoritative
shared/common/scratch-payload-file.ts	SHARED	canonical shared scope boundary plus Entity Inventory; headerless inventory row; Git history non-authoritative
shared/common/style.ts	SHARED	canonical shared scope boundary plus Entity Inventory; headerless inventory row; Git history non-authoritative
shared/common/sync/__tests__/deployed-surface.test.ts	SHARED	canonical shared scope boundary plus Entity Inventory; headerless inventory row; Git history non-authoritative
shared/common/sync/__tests__/sync-core.shared.test.ts	SHARED	canonical shared scope boundary plus Entity Inventory; legacy @tasks SYN-shared; Git history non-authoritative
shared/common/sync/__tests__/sync-formatter.shared.test.ts	SHARED	canonical shared scope boundary plus Entity Inventory; legacy @tasks SYN-shared; Git history non-authoritative
shared/common/sync/path-normalizer.ts	SHARED	canonical shared scope boundary plus Entity Inventory; legacy @tasks D-M005, D-M007; Git history non-authoritative
shared/common/sync/sync-core.shared.ts	SHARED	canonical shared scope boundary plus Entity Inventory; legacy @tasks SYN-shared; Git history non-authoritative
shared/common/sync/sync-deps.type.ts	SHARED	canonical shared scope boundary plus Entity Inventory; legacy @tasks SYN-shared; Git history non-authoritative
shared/common/sync/sync-formatter.shared.ts	SHARED	canonical shared scope boundary plus Entity Inventory; legacy @tasks SYN-shared; Git history non-authoritative
shared/common/think.ts	SHARED	canonical shared scope boundary plus Entity Inventory; headerless inventory row; Git history non-authoritative
shared/common/tokens.ts	SHARED	canonical shared scope boundary plus Entity Inventory; headerless inventory row; Git history non-authoritative
shared/common/unguard.ts	SHARED	canonical shared scope boundary plus Entity Inventory; headerless inventory row; Git history non-authoritative
shared/common/xml.ts	SHARED	canonical shared scope boundary plus Entity Inventory; headerless inventory row; Git history non-authoritative
shared/common/yagni-source-policy.ts	SHARED	canonical shared scope boundary plus Entity Inventory; headerless inventory row; Git history non-authoritative
shared/mermaid/mermaid.ts	SHARED	canonical shared scope boundary plus Entity Inventory; headerless inventory row; Git history non-authoritative
shared/prompt-lint/__tests__/stop-words.test.ts	SHARED	canonical shared scope boundary plus Entity Inventory; legacy @tasks TSK-105; Git history non-authoritative
shared/prompt-lint/stop-words.ts	SHARED	canonical shared scope boundary plus Entity Inventory; legacy @tasks TSK-105; Git history non-authoritative
shared/sdd/__tests__/anchor-inject.test.ts	SHARED	canonical shared scope boundary plus Entity Inventory; headerless inventory row; Git history non-authoritative
shared/sdd/__tests__/audit-group.test.ts	SHARED	canonical shared scope boundary plus Entity Inventory; headerless inventory row; Git history non-authoritative
shared/sdd/__tests__/bdd-coverage.test.ts	SHARED	canonical shared scope boundary plus Entity Inventory; headerless inventory row; Git history non-authoritative
shared/sdd/__tests__/check-bdd-negative.test.ts	SHARED	canonical shared scope boundary plus Entity Inventory; headerless inventory row; Git history non-authoritative
shared/sdd/__tests__/check-diagram-captions.test.ts	SHARED	canonical shared scope boundary plus Entity Inventory; headerless inventory row; Git history non-authoritative
shared/sdd/__tests__/check-dl-ids.test.ts	SHARED	canonical shared scope boundary plus Entity Inventory; headerless inventory row; Git history non-authoritative
shared/sdd/__tests__/check-language.test.ts	SHARED	canonical shared scope boundary plus Entity Inventory; headerless inventory row; Git history non-authoritative
shared/sdd/__tests__/check-legacy-ticket.test.ts	SHARED	canonical shared scope boundary plus Entity Inventory; headerless inventory row; Git history non-authoritative
shared/sdd/__tests__/check-module-call-chain.test.ts	SHARED	canonical shared scope boundary plus Entity Inventory; headerless inventory row; Git history non-authoritative
shared/sdd/__tests__/check-modulegraph.test.ts	SHARED	canonical shared scope boundary plus Entity Inventory; headerless inventory row; Git history non-authoritative
shared/sdd/__tests__/check-phases.test.ts	SHARED	canonical shared scope boundary plus Entity Inventory; headerless inventory row; Git history non-authoritative
shared/sdd/__tests__/check-pickable.test.ts	SHARED	canonical shared scope boundary plus Entity Inventory; headerless inventory row; Git history non-authoritative
shared/sdd/__tests__/check-req-ids.test.ts	SHARED	canonical shared scope boundary plus Entity Inventory; headerless inventory row; Git history non-authoritative
shared/sdd/__tests__/check-req-unhappy.test.ts	SHARED	canonical shared scope boundary plus Entity Inventory; headerless inventory row; Git history non-authoritative
shared/sdd/__tests__/check-requirement-budgets.test.ts	SHARED	canonical shared scope boundary plus Entity Inventory; headerless inventory row; Git history non-authoritative
shared/sdd/__tests__/check-research.test.ts	SHARED	canonical shared scope boundary plus Entity Inventory; headerless inventory row; Git history non-authoritative
shared/sdd/__tests__/check-round-close.test.ts	SHARED	canonical shared scope boundary plus Entity Inventory; headerless inventory row; Git history non-authoritative
shared/sdd/__tests__/check-scope-data-flow.test.ts	SHARED	canonical shared scope boundary plus Entity Inventory; headerless inventory row; Git history non-authoritative
shared/sdd/__tests__/check-scope-deps.test.ts	SHARED	canonical shared scope boundary plus Entity Inventory; headerless inventory row; Git history non-authoritative
shared/sdd/__tests__/check-spec-authoring-corpus.test.ts	SHARED	canonical shared scope boundary plus Entity Inventory; headerless inventory row; Git history non-authoritative
shared/sdd/__tests__/check-spec-hierarchy.test.ts	SHARED	canonical shared scope boundary plus Entity Inventory; headerless inventory row; Git history non-authoritative
shared/sdd/__tests__/check-spec-structure.test.ts	SHARED	canonical shared scope boundary plus Entity Inventory; headerless inventory row; Git history non-authoritative
shared/sdd/__tests__/check-taskgraph.test.ts	SHARED	canonical shared scope boundary plus Entity Inventory; headerless inventory row; Git history non-authoritative
shared/sdd/__tests__/check-taskid-grammar.test.ts	SHARED	canonical shared scope boundary plus Entity Inventory; headerless inventory row; Git history non-authoritative
shared/sdd/__tests__/check-trackers.test.ts	SHARED	canonical shared scope boundary plus Entity Inventory; headerless inventory row; Git history non-authoritative
shared/sdd/__tests__/check-v2-grandfathering.test.ts	SHARED	canonical shared scope boundary plus Entity Inventory; headerless inventory row; Git history non-authoritative
shared/sdd/__tests__/check.test.ts	SHARED	canonical shared scope boundary plus Entity Inventory; headerless inventory row; Git history non-authoritative
shared/sdd/__tests__/consumers-resolvable.test.ts	SHARED	canonical shared scope boundary plus Entity Inventory; headerless inventory row; Git history non-authoritative
shared/sdd/__tests__/execution-log.test.ts	SHARED	canonical shared scope boundary plus Entity Inventory; headerless inventory row; Git history non-authoritative
shared/sdd/__tests__/file-relations.test.ts	SHARED	canonical shared scope boundary plus Entity Inventory; headerless inventory row; Git history non-authoritative
shared/sdd/__tests__/flow.test.ts	SHARED	canonical shared scope boundary plus Entity Inventory; headerless inventory row; Git history non-authoritative
shared/sdd/__tests__/gate-queue.test.ts	SHARED	canonical shared scope boundary plus Entity Inventory; headerless inventory row; Git history non-authoritative
shared/sdd/__tests__/group-receipt.test.ts	SHARED	canonical shared scope boundary plus Entity Inventory; headerless inventory row; Git history non-authoritative
shared/sdd/__tests__/id-replace.test.ts	SHARED	canonical shared scope boundary plus Entity Inventory; headerless inventory row; Git history non-authoritative
shared/sdd/__tests__/inventory.test.ts	SHARED	canonical shared scope boundary plus Entity Inventory; headerless inventory row; Git history non-authoritative
shared/sdd/__tests__/ladder.test.ts	SHARED	canonical shared scope boundary plus Entity Inventory; headerless inventory row; Git history non-authoritative
shared/sdd/__tests__/legacy-headings.test.ts	SHARED	canonical shared scope boundary plus Entity Inventory; headerless inventory row; Git history non-authoritative
shared/sdd/__tests__/log-vocabulary-eval.test.ts	SHARED	canonical shared scope boundary plus Entity Inventory; headerless inventory row; Git history non-authoritative
shared/sdd/__tests__/mermaid-check.test.ts	SHARED	canonical shared scope boundary plus Entity Inventory; headerless inventory row; Git history non-authoritative
shared/sdd/__tests__/migration-move.test.ts	SHARED	canonical shared scope boundary plus Entity Inventory; headerless inventory row; Git history non-authoritative
shared/sdd/__tests__/migration-plan.test.ts	SHARED	canonical shared scope boundary plus Entity Inventory; headerless inventory row; Git history non-authoritative
shared/sdd/__tests__/module-specs.test.ts	SHARED	canonical shared scope boundary plus Entity Inventory; headerless inventory row; Git history non-authoritative
shared/sdd/__tests__/phase-dependencies.test.ts	SHARED	canonical shared scope boundary plus Entity Inventory; headerless inventory row; Git history non-authoritative
shared/sdd/__tests__/phase-receipt.test.ts	SHARED	canonical shared scope boundary plus Entity Inventory; headerless inventory row; Git history non-authoritative
shared/sdd/__tests__/phase-verification-plan.test.ts	SHARED	canonical shared scope boundary plus Entity Inventory; headerless inventory row; Git history non-authoritative
shared/sdd/__tests__/portal-check.test.ts	SHARED	canonical shared scope boundary plus Entity Inventory; headerless inventory row; Git history non-authoritative
shared/sdd/__tests__/portal.test.ts	SHARED	canonical shared scope boundary plus Entity Inventory; headerless inventory row; Git history non-authoritative
shared/sdd/__tests__/preset-node-golden.test.ts	SHARED	canonical shared scope boundary plus Entity Inventory; headerless inventory row; Git history non-authoritative
shared/sdd/__tests__/probe.test.ts	SHARED	canonical shared scope boundary plus Entity Inventory; headerless inventory row; Git history non-authoritative
shared/sdd/__tests__/project-feasibility.test.ts	SHARED	canonical shared scope boundary plus Entity Inventory; headerless inventory row; Git history non-authoritative
shared/sdd/__tests__/rc-recovery-invariants.test.ts	SHARED	canonical shared scope boundary plus Entity Inventory; headerless inventory row; Git history non-authoritative
shared/sdd/__tests__/readiness.test.ts	SHARED	canonical shared scope boundary plus Entity Inventory; headerless inventory row; Git history non-authoritative
shared/sdd/__tests__/reopens.test.ts	SHARED	canonical shared scope boundary plus Entity Inventory; headerless inventory row; Git history non-authoritative
shared/sdd/__tests__/requirement-id.test.ts	SHARED	canonical shared scope boundary plus Entity Inventory; headerless inventory row; Git history non-authoritative
shared/sdd/__tests__/rules-cascade.test.ts	SHARED	canonical shared scope boundary plus Entity Inventory; headerless inventory row; Git history non-authoritative
shared/sdd/__tests__/scripts.test.ts	SHARED	canonical shared scope boundary plus Entity Inventory; headerless inventory row; Git history non-authoritative
shared/sdd/__tests__/section.test.ts	SHARED	canonical shared scope boundary plus Entity Inventory; headerless inventory row; Git history non-authoritative
shared/sdd/__tests__/session-boundary.test.ts	SHARED	canonical shared scope boundary plus Entity Inventory; headerless inventory row; Git history non-authoritative
shared/sdd/__tests__/skeleton-format-differential.test.ts	SHARED	canonical shared scope boundary plus Entity Inventory; headerless inventory row; Git history non-authoritative
shared/sdd/__tests__/skeleton-heading-structure.test.ts	SHARED	canonical shared scope boundary plus Entity Inventory; headerless inventory row; Git history non-authoritative
shared/sdd/__tests__/source-extensions.test.ts	SHARED	canonical shared scope boundary plus Entity Inventory; headerless inventory row; Git history non-authoritative
shared/sdd/__tests__/spec-id.test.ts	SHARED	canonical shared scope boundary plus Entity Inventory; headerless inventory row; Git history non-authoritative
shared/sdd/__tests__/spec-schema.test.ts	SHARED	canonical shared scope boundary plus Entity Inventory; headerless inventory row; Git history non-authoritative
shared/sdd/__tests__/task-authoring-literals.test.ts	SHARED	canonical shared scope boundary plus Entity Inventory; headerless inventory row; Git history non-authoritative
shared/sdd/__tests__/task-id.test.ts	SHARED	canonical shared scope boundary plus Entity Inventory; headerless inventory row; Git history non-authoritative
shared/sdd/__tests__/tasks-append-only.test.ts	SHARED	canonical shared scope boundary plus Entity Inventory; headerless inventory row; Git history non-authoritative
shared/sdd/__tests__/templates.test.ts	SHARED	canonical shared scope boundary plus Entity Inventory; headerless inventory row; Git history non-authoritative
shared/sdd/__tests__/ticket.test.ts	SHARED	canonical shared scope boundary plus Entity Inventory; headerless inventory row; Git history non-authoritative
shared/sdd/__tests__/tracker.test.ts	SHARED	canonical shared scope boundary plus Entity Inventory; headerless inventory row; Git history non-authoritative
shared/sdd/__tests__/yagni.test.ts	SHARED	canonical shared scope boundary plus Entity Inventory; headerless inventory row; Git history non-authoritative
shared/sdd/anchor-inject.ts	SHARED	canonical shared scope boundary plus Entity Inventory; headerless inventory row; Git history non-authoritative
shared/sdd/audit-group.ts	SHARED	canonical shared scope boundary plus Entity Inventory; headerless inventory row; Git history non-authoritative
shared/sdd/bdd-coverage.ts	SHARED	canonical shared scope boundary plus Entity Inventory; headerless inventory row; Git history non-authoritative
shared/sdd/capability-adapter.ts	SHARED	canonical shared scope boundary plus Entity Inventory; headerless inventory row; Git history non-authoritative
shared/sdd/check.ts	SHARED	canonical shared scope boundary plus Entity Inventory; headerless inventory row; Git history non-authoritative
shared/sdd/consumers-resolvable.ts	SHARED	canonical shared scope boundary plus Entity Inventory; headerless inventory row; Git history non-authoritative
shared/sdd/execution-log.ts	SHARED	canonical shared scope boundary plus Entity Inventory; headerless inventory row; Git history non-authoritative
shared/sdd/file-relations.ts	SHARED	canonical shared scope boundary plus Entity Inventory; headerless inventory row; Git history non-authoritative
shared/sdd/file-relations.types.ts	SHARED	canonical shared scope boundary plus Entity Inventory; headerless inventory row; Git history non-authoritative
shared/sdd/finding.ts	SHARED	canonical shared scope boundary plus Entity Inventory; headerless inventory row; Git history non-authoritative
shared/sdd/flow.ts	SHARED	canonical shared scope boundary plus Entity Inventory; headerless inventory row; Git history non-authoritative
shared/sdd/gate-queue.ts	SHARED	canonical shared scope boundary plus Entity Inventory; headerless inventory row; Git history non-authoritative
shared/sdd/group-receipt.ts	SHARED	canonical shared scope boundary plus Entity Inventory; headerless inventory row; Git history non-authoritative
shared/sdd/id-replace.ts	SHARED	canonical shared scope boundary plus Entity Inventory; headerless inventory row; Git history non-authoritative
shared/sdd/inventory.ts	SHARED	canonical shared scope boundary plus Entity Inventory; headerless inventory row; Git history non-authoritative
shared/sdd/ladder.ts	SHARED	canonical shared scope boundary plus Entity Inventory; headerless inventory row; Git history non-authoritative
shared/sdd/legacy-headings.ts	SHARED	canonical shared scope boundary plus Entity Inventory; headerless inventory row; Git history non-authoritative
shared/sdd/markdown-fence.ts	SHARED	canonical shared scope boundary plus Entity Inventory; headerless inventory row; Git history non-authoritative
shared/sdd/markdown-table.ts	SHARED	canonical shared scope boundary plus Entity Inventory; headerless inventory row; Git history non-authoritative
shared/sdd/mermaid-check.ts	SHARED	canonical shared scope boundary plus Entity Inventory; headerless inventory row; Git history non-authoritative
shared/sdd/migration-file-headers.ts	SHARED	canonical shared scope boundary plus Entity Inventory; headerless inventory row; Git history non-authoritative
shared/sdd/migration-move.ts	SHARED	canonical shared scope boundary plus Entity Inventory; headerless inventory row; Git history non-authoritative
shared/sdd/migration-plan.ts	SHARED	canonical shared scope boundary plus Entity Inventory; headerless inventory row; Git history non-authoritative
shared/sdd/module-specs.ts	SHARED	canonical shared scope boundary plus Entity Inventory; headerless inventory row; Git history non-authoritative
shared/sdd/phase-dependencies.ts	SHARED	canonical shared scope boundary plus Entity Inventory; headerless inventory row; Git history non-authoritative
shared/sdd/phase-receipt.ts	SHARED	canonical shared scope boundary plus Entity Inventory; headerless inventory row; Git history non-authoritative
shared/sdd/phase-verification-plan.ts	SHARED	canonical shared scope boundary plus Entity Inventory; legacy @tasks V-08b, V-08c; Git history non-authoritative
shared/sdd/portal.ts	SHARED	canonical shared scope boundary plus Entity Inventory; headerless inventory row; Git history non-authoritative
shared/sdd/probe.ts	SHARED	canonical shared scope boundary plus Entity Inventory; headerless inventory row; Git history non-authoritative
shared/sdd/project-feasibility.ts	SHARED	canonical shared scope boundary plus Entity Inventory; headerless inventory row; Git history non-authoritative
shared/sdd/readiness.ts	SHARED	canonical shared scope boundary plus Entity Inventory; headerless inventory row; Git history non-authoritative
shared/sdd/requirement-budget.ts	SHARED	canonical shared scope boundary plus Entity Inventory; headerless inventory row; Git history non-authoritative
shared/sdd/requirement-id.ts	SHARED	canonical shared scope boundary plus Entity Inventory; headerless inventory row; Git history non-authoritative
shared/sdd/rules-cascade.ts	SHARED	canonical shared scope boundary plus Entity Inventory; headerless inventory row; Git history non-authoritative
shared/sdd/scripts.ts	SHARED	canonical shared scope boundary plus Entity Inventory; headerless inventory row; Git history non-authoritative
shared/sdd/section.ts	SHARED	canonical shared scope boundary plus Entity Inventory; headerless inventory row; Git history non-authoritative
shared/sdd/session-boundary.ts	SHARED	canonical shared scope boundary plus Entity Inventory; headerless inventory row; Git history non-authoritative
shared/sdd/source-extensions.ts	SHARED	canonical shared scope boundary plus Entity Inventory; headerless inventory row; Git history non-authoritative
shared/sdd/source-ownership-header.ts	SHARED	canonical shared scope boundary plus Entity Inventory; headerless inventory row; Git history non-authoritative
shared/sdd/spec-id.ts	SHARED	canonical shared scope boundary plus Entity Inventory; headerless inventory row; Git history non-authoritative
shared/sdd/spec-schema.ts	SHARED	canonical shared scope boundary plus Entity Inventory; headerless inventory row; Git history non-authoritative
shared/sdd/task-authoring-literals.ts	SHARED	canonical shared scope boundary plus Entity Inventory; headerless inventory row; Git history non-authoritative
shared/sdd/task-id.ts	SHARED	canonical shared scope boundary plus Entity Inventory; headerless inventory row; Git history non-authoritative
shared/sdd/tasks-append-only.ts	SHARED	canonical shared scope boundary plus Entity Inventory; headerless inventory row; Git history non-authoritative
shared/sdd/templates.ts	SHARED	canonical shared scope boundary plus Entity Inventory; headerless inventory row; Git history non-authoritative
shared/sdd/ticket-resolve.ts	SHARED	canonical shared scope boundary plus Entity Inventory; headerless inventory row; Git history non-authoritative
shared/sdd/ticket.ts	SHARED	canonical shared scope boundary plus Entity Inventory; headerless inventory row; Git history non-authoritative
shared/sdd/tool-guidance.ts	SHARED	canonical shared scope boundary plus Entity Inventory; headerless inventory row; Git history non-authoritative
shared/sdd/tracker.ts	SHARED	canonical shared scope boundary plus Entity Inventory; headerless inventory row; Git history non-authoritative
shared/sdd/yagni.ts	SHARED	canonical shared scope boundary plus Entity Inventory; headerless inventory row; Git history non-authoritative
shared/verify/__tests__/env-fail.test.ts	SHARED	canonical shared scope boundary plus Entity Inventory; legacy @tasks TSK-95; Git history non-authoritative
shared/verify/__tests__/gate-spec-parity.test.ts	SHARED	canonical shared scope boundary plus Entity Inventory; legacy @tasks TSK-95; Git history non-authoritative
shared/verify/__tests__/stack-config.test.ts	SHARED	canonical shared scope boundary plus Entity Inventory; legacy @tasks TSK-95; Git history non-authoritative
shared/verify/__tests__/stack-detection.test.ts	SHARED	canonical shared scope boundary plus Entity Inventory; legacy @tasks V-05, V-05b; Git history non-authoritative
shared/verify/__tests__/stack-registry.test.ts	SHARED	canonical shared scope boundary plus Entity Inventory; legacy @tasks TSK-96; Git history non-authoritative
shared/verify/__tests__/tree-guard.test.ts	SHARED	canonical shared scope boundary plus Entity Inventory; legacy @tasks TSK-96; Git history non-authoritative
shared/verify/env-fail.ts	SHARED	canonical shared scope boundary plus Entity Inventory; legacy @tasks TSK-95; Git history non-authoritative
shared/verify/plugin-api.ts	SHARED	canonical shared scope boundary plus Entity Inventory; legacy @tasks TSK-96; Git history non-authoritative
shared/verify/presets/__tests__/anystack.test.ts	SHARED	canonical shared scope boundary plus Entity Inventory; legacy @tasks V-08; Git history non-authoritative
shared/verify/presets/__tests__/golang.test.ts	SHARED	canonical shared scope boundary plus Entity Inventory; headerless inventory row; Git history non-authoritative
shared/verify/presets/__tests__/node.test.ts	SHARED	canonical shared scope boundary plus Entity Inventory; headerless inventory row; Git history non-authoritative
shared/verify/presets/__tests__/swift.test.ts	SHARED	canonical shared scope boundary plus Entity Inventory; legacy @tasks V-11; Git history non-authoritative
shared/verify/presets/anystack.ts	SHARED	canonical shared scope boundary plus Entity Inventory; legacy @tasks V-08; Git history non-authoritative
shared/verify/presets/golang.ts	SHARED	canonical shared scope boundary plus Entity Inventory; legacy @tasks V-09; Git history non-authoritative
shared/verify/presets/node.ts	SHARED	canonical shared scope boundary plus Entity Inventory; headerless inventory row; Git history non-authoritative
shared/verify/presets/swift.ts	SHARED	canonical shared scope boundary plus Entity Inventory; legacy @tasks V-11; Git history non-authoritative
shared/verify/stack-config.ts	SHARED	canonical shared scope boundary plus Entity Inventory; legacy @tasks TSK-95; Git history non-authoritative
shared/verify/stack-detection.ts	SHARED	canonical shared scope boundary plus Entity Inventory; legacy @tasks V-05, V-05b, V-06b, V-08b; Git history non-authoritative
shared/verify/stack-registry.ts	SHARED	canonical shared scope boundary plus Entity Inventory; legacy @tasks TSK-95; Git history non-authoritative
shared/verify/tree-guard.ts	SHARED	canonical shared scope boundary plus Entity Inventory; legacy @tasks TSK-96; Git history non-authoritative
shared/verify/verify.types.ts	SHARED	canonical shared scope boundary plus Entity Inventory; legacy @tasks TSK-95; Git history non-authoritative
snapshot-path.setup.ts	INFRA-BASE	manual responsibility: repository build/test infrastructure; headerless inventory row; Git history non-authoritative
test/agent-inbox/inbox-queue/review-action.contract.test.ts	AGENT-INBOX-INBOX-QUEUE	canonical queue acceptance boundary; legacy @tasks TSK-177; Git history non-authoritative
test/agent-inbox/inbox-queue/review-automation-policy.test.ts	AGENT-INBOX-INBOX-QUEUE	canonical queue acceptance boundary; legacy @tasks TSK-177; Git history non-authoritative
test/agent-inbox/inbox-queue/review-effect-coordinator.integration.test.ts	AGENT-INBOX-INBOX-QUEUE	canonical queue acceptance boundary; legacy @tasks TSK-177; Git history non-authoritative
test/agent-inbox/inbox-queue/review-guarded-intent.contract.test.ts	AGENT-INBOX-INBOX-QUEUE	canonical queue acceptance boundary; legacy @tasks TSK-177; Git history non-authoritative
test/agent-inbox/inbox-queue/review-independent-command.integration.test.ts	AGENT-INBOX-INBOX-QUEUE	canonical queue acceptance boundary; legacy @tasks TSK-177; Git history non-authoritative
test/agent-inbox/inbox-queue/review-package.integration.test.ts	AGENT-INBOX-INBOX-QUEUE	canonical queue acceptance boundary; legacy @tasks TSK-177; Git history non-authoritative
test/agent-inbox/inbox-queue/review-package.test.ts	AGENT-INBOX-INBOX-QUEUE	canonical queue acceptance boundary; legacy @tasks TSK-177; Git history non-authoritative
test/agent-inbox/inbox-queue/review-task-executor.integration.test.ts	AGENT-INBOX-INBOX-QUEUE	canonical queue acceptance boundary; legacy @tasks TSK-177; Git history non-authoritative
test/agent-inbox/inbox-queue/review-task-registry.contract.test.ts	AGENT-INBOX-INBOX-QUEUE	canonical queue acceptance boundary; legacy @tasks TSK-177; Git history non-authoritative
utils/test/__tests__/git-fixture.test.ts	SHARED	manual responsibility: shared test utility; legacy @tasks TSK-147; Git history non-authoritative
utils/test/__tests__/mock-http.test.ts	SHARED	manual responsibility: shared test utility; headerless inventory row; Git history non-authoritative
utils/test/git-fixture.ts	SHARED	manual responsibility: shared test utility; legacy @tasks TSK-147; Git history non-authoritative
utils/test/mock-http.ts	SHARED	manual responsibility: shared test utility; headerless inventory row; Git history non-authoritative
vite.config.ts	INFRA-BASE	manual responsibility: repository build/test infrastructure; legacy @tasks TSK-33; Git history non-authoritative
